Workbook

Sheet 名字规范！！！
A1: SONG | B1: LIVE
A2: 黒のバースデイ | B2: Ave Mujica 0th LIVE「Primo die in scaena」
A3: ふたつの月 ~Deep Into The Forest~ | B3: Roselia「Farbe」DAY2
A4: Choir 'S' Choir | B4: Ave Mujica 1st LIVE 「Perdere Omnia」
A5: 神さま、バカ | B5: MEGA VEGAS 2024
A6: Mas?uerade Rhapsody Re?uest | B6: Ave Mujica 2nd LIVE「Quaerere Lumina」神奈川公演
A7: Ave Mujica | B7: Ave Mujica 2nd LIVE「Quaerere Lumina」爱知公演
A8: 暗黒天国 | B8: BILIBILI MACRO LINK 2024 DAY1
A9: 堕天 | B9: BILIBILI MACRO LINK 2024 DAY2
A10: KINGS | B10: Animelo Summer Live 2024 -Stargazer-
A11: Determination Symphony | B11: Ave Mujica 3rd LIVE「Veritas」
A12: PASSIONATE ANTHEM | B12: ANIMAX MUSIX 2024 FALL
... A32: 残酷な天使のテーゼ | B32: Ave Mujica 6th LIVE 「Ulterius Procedere」 大阪公演
B33: BanG Dream! 10th Anniversary LIVE「In the name of BanG Dream!」
B34: MyGO!!!!!×Ave Mujica ツーマンライブ「“moment / memory”」
B35: MEGA VEGAS 2026
B36: CENTRAL MUSIC & ENTERTAINMENT FESTIVAL 2026
B37: BanG Dream! Special LIVE in TAIPEI DAY1 : MyGO!!!!!×Ave Mujica「"moment / memory"」
B38: Ave Mujica LIVE TOUR 2026「Exitus」福冈公演
B39: Ave Mujica LIVE TOUR 2026「Exitus」大阪公演
B40: Ave Mujica LIVE TOUR 2026「Exitus」爱知公演
B41: Ave Mujica LIVE TOUR 2026「Exitus」东京公演
B42: Ave Mujica LIVE TOUR 2026「Exitus」-FINAL- DAY1
B43: Ave Mujica LIVE TOUR 2026「Exitus」-FINAL- DAY2
B44: BEAT AX -SUMMER EDITION 2026-
... B48: SUMMER SONIC 2026 TOKYO

Sheet lyrics_atlas_rules
A1: function | B1: jp/cn | C1: terms | D1: display
A2: similar | B2: jp | C2: blue|青い|蒼き|碧い | D2: 青い
A3: similar | B3: cn | C3: blue|蓝色|蔚蓝|湛蓝 | D3: 蓝色
A4: combine | B4: jp | C4: blue world | D4: Blue World
A5: combine | B5: cn | C5: blue world | D5: Blue World
A6: exclude | B6: jp | C6: menn|mennus|taa|philis|poliaa|jealis|moliaa|let|DON'T|re
A7: exclude | B7: cn | C7: menn|mennus|taa|philis|poliaa|jealis|moliaa|let|don|re
A8: similar | B8: jp | C8: 時|時代|とき | D8: 時
A9: similar | B9: jp | C9: 天|空|天球|そら| | D9: そら
A10: exclude | B10: jp | C10: ゆく
A11: similar | B11: jp | C11: 神|神様|神さま|god | D11: 神
A12: similar | B12: jp | C12: 星|ほし | D12: 星
A13: combine | B13: jp | C13: Ave Mujica（世界） | D13: 世界
A14: combine | B14: jp | C14: 輪舞曲（ロンド） | D14: ロンド
A15: combine | B15: jp | C15: 惑星（ほし） | D15: ほし
A16: combine | B16: jp | C16: 宇宙（そら） | D16: そら
A17: combine | B17: jp | C17: 祈り人（prayer） | D17: prayer
A18: combine | B18: jp | C18: 騎士（ナイト） | D18: ナイト
A19: combine | B19: jp | C19: 運命（さだめ） | D19: さだめ
A20: combine | B20: jp | C20: 大宇宙（おおぞら） | D20: おおぞら
A21: combine | B21: jp | C21: 命（ほのお） | D21: ほのお
A22: similar | B22: jp | C22: ひと|人 | D22: 人

Sheet announcements
A1: date | B1: msg | C1: pinned
A2: 2026.08.22 | B2: 试运行 意见与建议请联系actury1995@outlook.com | C2: 1
A3: 2026.08.22 | B3: 新增导航页公告栏目 | C3: 0
A4: 2026.08.22 | B4: 1.浏览器性能优化 2.Songs更新黒のバースデイ、ふたつの月 ~Deep Into The Forest~、Choir 'S' Choir 3.日常BUG维护 | C4: 0
A5: 2026.08.23 | B5: 1.新增ico 2.Songs更新Mas?uerade Rhapsody Re?uest、神さま、バカ、Ave Mujica 3.Gallery布局优化 4.Live UI优化 5.日常BUG维护 | C5: 0
A6: 2026.08.24 | B6: 1.timeline新增倒序&按年份筛选 2.Songs更新素晴らしき世界 でも どこにもない場所 3.浏览器性能优化 4.Lyrcis 全面优化，更接近BK排版 5.Songs搜索启用，可使用花名 | C6: 0
A7: 2026.08.25 | B7: 1.Songs更新Angles，元素专歌曲占位中 2.LIVE样式更新 3.日常BUG维护 | C7: 0
A8: 2026.08.26 | B8: 1.LIVE logo样式测试 2.公告样式变更 3.interview开放&内容测试 | C8: 0
A9: 2026.08.27 | B9: 1.interview内容测试完成 新增2024/10/02 Diggy-MO'访谈 2.LIVE Backstage图片展示功能测试：SUMMER SONIC 2026 OSAKA完成 | C9: 0
A10: 2026.08.29 | B10: 1.interview更新4篇 2.songs更新元素曲歌词 3.live summer sonic 2026 backstage更新完成 4.Bug处理 | C10: 0
A11: 2026.08.30 | B11: 1.songs全歌曲基础信息&performance更新完毕 2.timeline 弄李部分更新至2024.2 3.live新增跳转切片的功能 4.Bug修复 | C11: 0
A12: 2026.08.31 | B12: 1.timeline弄李 ~2024 更新完成 2.BUG修复 | C12: 0
... A15: 2026.09.03 | B15: bug修复 | C15: 0
A16: 2026.09.06 | B16: 1.Bug修复 2.songs&lives更新 3.交互优化 4.每首歌/访谈/live提供标识码，分享时可准确定位 5.lives新增数据分析模块 | C16: 0
A17: 2026.09.07 | B17: 1.Bug修复 2.live setlist更新至上海鸡狗2 3.interview更新2023/09/15访谈后篇 4.分享链接优化 | C17: 0
A18: 2026.09.11 | B18: 1.lives新增数据分析模块优化 2.新增discography子页面，收集实体光盘信息 3.interview新增多篇原文&扫图 4.共享组件重构 | C18: 0
A19: 2026.09.14 | B19: 内容更新请见Something New推送，本板块记录公告&功能更新 | C19: 1
A20: 2026.09.14 | B20: 1.Live数据分析内容优化 2.Songs词云内容优化 | C20: 0
A21: 2026.09.15 | B21: 1.Live失效的观看链接修复

Sheet something_new
A1: content_type | B1: content_ref | C1: update_date | D1: show
A2: discography | B2: kaminonawo | C2: 46277 | D2: no
A3: discography | B3: 横k鸡狗2bd | C3: 46277 | D3: no
A4: interview | B4: Voice Febri Vol.1 杂志全员访谈 | C4: 46277 | D4: no
A5: interview | B5: 月刊ブシロード2024年2月号 杂志全员访谈 | C5: 46277 | D5: no
A6: interview | B6: 「わかれ道の、その先へ」 CONCEPT PHOTOBOOK访谈 Ave Mujica部分 | C6: 46277 | D6: no
A7: discography | B7: 鸡动画bd上卷 | C7: 46279 | D7: no
A8: discography | B8: 鸡动画bd下卷 | C8: 46279 | D8: no
A9: discography | B9: 横k鸡狗1bd | C9: 46279 | D9: no
A10: discography | B10: 3rd single | C10: 46279 | D10: no
A11: discography | B11: 完满黑胶 | C11: 46280 | D11: yes
A12: discography | B12: 梅奔鸡狗1 | C12: 46280 | D12: yes
A13: discography | B13: 精选 | C13: 46280 | D13: yes
... A15: song | B15: A Song Of Romance | C15: 46279 | D15: yes

Sheet songs
A1: song_name | B1: song_name_jp | C1: album | D1: album_year | E1: release_date | F1: cover | G1: type | H1: lyricist | I1: composer | J1: arranger | K1: first_stage | L1: mv_url | M1: lyrics_jp | N1: lyrics_cn | O1: appearances | P1: search_keywords
A2: Black Birthday | B2: 黒のバースデイ | C2: Digital Single | D2: 2023 | E2: 45026 | F2: images/黑色生日.webp | G2: Original | H2: Diggy-MO' | I2: 賀佐泰洋(SUPA LOVE) | J2: 賀佐泰洋(SUPA LOVE) | K2: Ave Mujica 0th LIVE 「Primo die in scaena」 | L2: https://www.bilibili.com/video/BV16v4y1H7ZR | M2: この領域まで侵されて そう プラットフォームは上下する\n新しく記された my バースデイ 今夜 感じて 燃え 悶える\nna, 生々しい艷やかな mad day 秘密めいた ruler loo-la, cool, cool,\n“ようこそ おいでなさい” 告げる 始まりのとき\n\nねぇ しなやかなつま先が ‘ゆらっ’描き出すわ輪舞曲(ロンド)\n純白のドレスを さあ いま 染めて闇の色\n殺める影よ 舞い上がれ\n\n見える 見える 見えないものが ほら\n生まれ変わる ああ 本当の私に\n\n\n\nエンジェル・インターセプター concept 混乱のフェーズ 堕ちる術中\nその小さな胸を引き裂いて\nbloody lover, lover, la-la-la, bloody 散らばるよ 擦り切れたフィルム\n場面 場面 蘇る 瞼の裏側で\n\nねぇ 張り付く夜には また 究極の快楽が\njack-jackie, 邪鬼 zap, zap, でもまだ 足りないよ足りない\n求めて求めて 苛まれて\n\n馳せる 馳せる 消えてゆく惑星(ほし)が ほら\n宇宙(そら)のリスク 真実を歪めたなら\n\n\n\ncallin' 呼び続けてもまだ darlin' 戻らない\n誰もが 選ばれたパズルのピースに\nこのまま このままでいい 世界をあげるわ\n\n見える 見える 見えないものが ほら\n生まれ変わる ああ 本当の私に\n\noh, my..\nblack-black, black, my black birthday | N2: 连此领域也被侵蚀 是的 舞台升起降下\n被重新记载的 my 诞生日 今晚 去感受 燃烧着 痛苦挣扎\nna, 鲜活妖艳的 mad day 充斥秘密的 ruler loo-la, cool, cool, \n“欢迎前来 请过来这里” 宣告着 起始之时刻\n\n呐啊 柔软优美的足尖 摇荡勾勒轮舞曲\n将那纯白的礼服 来吧 此刻 染上黑暗之色\n杀戮的暗影啊 升腾而起吧 \n\n看见了 看见了 本不可见之物 看啊\n重获新生 啊啊 成为真正的我\n\n\n\n天使拦截者 concept 混乱的局面 堕入陷阱之中\n将那小小的胸膛撕裂\nbloody lover, lover, la-la-la, bloody 散落一地啊 磨损的胶片\n一幕幕场景 重新浮现 在眼帘之后\n\n呐啊 在这黏着不去的夜里 再一次 极致的快感…\njack-jackie, 邪鬼 zap, zap, 但还不够啊 还远远不够啊\n追求着渴望着 被折磨着\n\n奔驰着 奔驰着 逐渐消逝的行星 看啊\n若要扭曲真实 则将承受宇宙的风险\n\n\n\ncallin' 即使不断呼喊 darlin' 也不会回来\n无论是谁 都会被选中成为拼图的碎片\n这样就好 维持这样就好 我会给你整个世界\n\n看见了 看见了 本不可见之物 看啊\n重获新生 啊啊 成为真正的我\n\noh, my..\nblack-black, black, my black birthday | O2: Alea jacta est,Ave Música | P2: 黑色生日，黑生
A3: Two Moons | B3: ふたつの月 ~Deep Into The Forest~ | C3: Digital Single | D3: 2023 | E3: 45032 | F3: images/双月.webp | G3: Original | H3: Diggy-MO' | I3: 長谷川大介(SUPA LOVE) | J3: 長谷川大介(SUPA LOVE) | K3: Ave Mujica 0th LIVE 「Primo die in scaena」 | L3: https://www.bilibili.com/video/BV1vs4y127DJ | M3: ああ 深く 深く 迷い込んだ森で\nなぜか私を開いて壊すもの そう そして 感じさせるもの\n木から落ちる leaf に ほらいま 映り込む未来\n\nこの風 吹き抜けるとき 私は祈り人(prayer)\n\nおしえてよ おしえてよ こんなに美しいのはなぜ\n惹かれてく 堕ちてく 月が笑う夜\n\n\n\n銀のトレーにフルーツを キャンドルホルダーに火を\nこのまま いくつかの意味をさがすの その幻を暴きたい\n常に終わりは始まりと組まれる 不思議な creation\n\nこの風 命集めて いま 昇るなら\n\nおしえてよ おしえてよ こんなに苦しいのはなぜ\n鏡の中の彼女が 嘲笑う夜\n\n\n\n大気の重さで もうひとつの月が顔を出す\n“早く目覚めて ここで眠ってしまわないように”\n\nおしえてよ おしえてよ こんなに美しいのはなぜ\n惹かれてく 堕ちてく 月が笑う夜 | N3: 啊啊 深深地 深深地 迷失在森林中\n某物莫名将我剖开破坏 是啊 而后又让我有所感受\n从树上落下的 leaf 上 看吧 此刻 正映照着未来\n\n当这阵风吹过时 我即是祈祷者（prayer）\n\n请告诉我 请告诉我吧 为何如此美丽动人\n渐受蛊惑 步步坠落 月亮嗤笑之夜\n\n\n\n将果实盛入银盘 为烛台点燃火焰\n就这样 寻找种种意义 渴望揭穿那重幻象\n结束总与开始交织纠缠 不可思议的 creation\n\n这阵风 汇聚生命 现在 若能升腾而起\n\n请告诉我 请告诉我吧 为何如此痛苦难耐\n镜中的她 嘲弄之夜\n\n\n\n大气的重压之下 另一轮月亮显露真容\n“快快醒来 可不要在此处沉睡”\n\n请告诉我 请告诉我吧 为何如此美丽动人\n渐受蛊惑 步步坠落 月亮嗤笑之夜 | O3: Alea jacta est | P3: 双月
A4: Choir 'S' Choir | B4: Choir 'S' Choir | C4: Digital Single | D4: 2023 | E4: 45039 | F4: images/CSC.webp | G4: Original | H4: Diggy-MO' | I4: 角本麻衣(SUPA LOVE) | J4: 角本麻衣(SUPA LOVE) | K4: Ave Mujica 0th LIVE 「Primo die in scaena」 | L4: https://www.bilibili.com/video/BV1Xg4y1j7Lt | M4: [daa-mennus, daa-menn, philis-poliaa, taa-mennus, taa-menn, jealis-moliaa]\n\nChoir Choir, Choir Choir ‘S’ Choir\n\n\n\nそう サジェスチョンなら Spade 彷徨うスペクター [Spiritual, So Spiritual]\nイミテーションやら聖なる讃美歌 [Sensual, So Sensual]\nサディスティック サディスティック 堕天使\nヒステリック ヒステリック 宿る刻\n[look, 歌う胸像 the show must go on ルカ 精霊 精霊 ghost, oh, it's comin']\n\n‘信じる？ 信じない？’ いないいないばあ\n感情の万華鏡 引きずり込むのは\n\nねぇ誰？ ねぇ誰？ 叫ぶ声が\n夜に酔えば 真っ赤に腫れた唇がわたしを貪るの\n‘S’ カレート ‘S’ カレート 忍び寄るわ mysterious\n目眩く描くほどに 狂い咲くカーニヴァル\n\nChoir Choir, Choir Choir ‘S’ Choir\n\n\n\noh, イリュージョンなら左手のジェスチャー [Spiritual, So Spiritual]\nテンプテーション 神話にはつづきが [Sensual, So Sensual]\nサタニック サタニック マジェスティ\nヒプノティック ヒプノティック 裁く刻\n[see, 'il giudizio, la giustizia' 下る極彩色 shockin' psychic]\n\n‘感じる？ 感じない？’ お気に召す mo'\n触れてみて 触れてみて 試されてもいい\n\nねぇ誰？ ねぇ誰？ 甘い夢が\n闇に占う カードの悪魔 誘う魂の行方 今\n‘S’ カレート ‘S’ カレート 気の触れた my desire\n鼓膜を劈くほどに 咽び泣くアリア\n\n\n\n[daa-mennus, daa-menn, philis-poliaa, taa-mennus, taa-menn, jealis-moliaa,\ndaa-mennus, daa-menn, philis-poliaa, daa-la-la-daa-daa]\n\nああ ワルツに身を委ねて ゆらゆらゆら\n\n\n\n誰？ ねぇ誰？ 叫ぶ声が\n夜に酔えば 真っ赤に腫れた唇がわたしを貪るの\n‘S’ カレート ‘S’ カレート 忍び寄るわ mysterious\n目眩く描くほどに 狂い咲くカーニヴァル\n\n\n\n[daa-mennus, daa-menn, philis-poliaa, taa-mennus, taa-menn, jealis-moliaa,\ndaa-mennus, daa-menn, philis-poliaa, taa-mennus, taa-menn, jealis-moliaa]\n\nChoir Choir, Choir Choir ‘S’ Choir | N4: [daa-mennus, daa-menn, philis-poliaa, taa-mennus, taa-menn, jealis-moliaa]\n\nChoir Choir, Choir Choir ‘S’ Choir\n\n\n\n是的 若要给出暗示 Spade 彷徨的幽灵 [Spiritual, So Spiritual]\n赝品亦或是神圣的赞美歌 [Sensual, So Sensual]\n嗜虐的 嗜虐的 堕天使\n癔病的 癔病的 附身之时\n[look, 歌唱的胸像 the show must go on 路加 精灵 精灵 ghost, oh, it's comin']\n\n‘相信？ 不相信’ 不在、不在、在这里\n感情的万华镜 被卷入其中的是\n\n是谁？ 是谁？ 是谁正在呼喊\n沉醉于夜晚 鲜红肿胀的嘴唇将我贪婪吞噬\n‘S’calate ‘S’calate 悄然接近的 mysterious\n勾勒到目眩神迷 癫狂盛放的狂欢\n\nChoir Choir, Choir Choir ‘S’ Choir\n\n\n\noh, 若是幻觉则用左手的手势 [Spiritual, So Spiritual]\n诱惑 神话仍未终结 [Sensual, So Sensual]\n恶魔般的 恶魔般的 无上威严\n催眠的 催眠的 裁决之时\n[see, 'il giudizio, la giustizia' 降临的绚丽色彩 shockin' psychic]\n\n‘感觉到？ 感觉不到？’如你所愿 mo'\n试着触摸 试着触摸 即使受到考验也无妨\n\n是谁？ 是谁？ 将这甜美的梦…\n向黑暗问卜 卡牌的恶魔 引诱灵魂的去向 此刻\n‘S’calate ‘S’calate 陷入疯狂的 my desire\n似要刺破鼓膜一般 呜咽的咏叹调\n\n\n\n[daa-mennus, daa-menn, philis-poliaa, taa-mennus, taa-menn, jealis-moliaa,\ndaa-mennus, daa-menn, philis-poliaa, daa-la-la-daa-daa]\n\n啊啊 委身于华尔兹吧 摇摇晃晃\n\n\n\n是谁？ 是谁？ 是谁正在呼喊\n沉醉于夜晚 鲜红肿胀的嘴唇将我贪婪吞噬\n‘S’calate ‘S’calate 悄然接近的 mysterious\n勾勒到目眩神迷 癫狂盛放的狂欢\n\n\n\n[daa-mennus, daa-menn, philis-poliaa, taa-mennus, taa-menn, jealis-moliaa,\ndaa-mennus, daa-menn, philis-poliaa, taa-mennus, taa-menn, jealis-moliaa]\n\nChoir Choir, Choir Choir ‘S’ Choir | O4: Alea jacta est,Ave Música | P4: csc，合唱团，合唱班
A5: Memento Mori | B5: 神さま、バカ | C5: Digital Single | D5: 2023 | E5: 45053 | F5: images/神蠢.webp | G5: Original | H5: Diggy-MO' | I5: 槇島隆人(SUPA LOVE) | J5: 槇島隆人(SUPA LOVE) | K5: Ave Mujica 0th LIVE 「Primo die in scaena」 | L5: https://www.bilibili.com/video/BV1Ss4y137ML | M5: 在るようで無いのか はたまたその逆か 戻れぬゲームにぼくらはいる\n歪な概念が漂うこの空は 所詮 選択の連続なのさ\n\n理不尽な剣を振りかざす騎士(ナイト)たち\nなぜに闘うの 誰のために\n\nわからない わかっちゃいない ぼくら きっとなにひとつ\n愛と接吻が壊したら ねぇ なにを恨めばいいの\n神さま、バカ\n\n\n\n信じる理由が欲しいだけなのに また何かを探り合っている\n進もうとする者 そして留まる者 それぞれの正義 運命(さだめ) コイントス\n\n誰もが皆 生まれるために死ぬのかな\n嗚呼 ただ救われたいよ\n\nわからない わかっちゃいない ぼくら きっとなにひとつ\n空が哀しみに染まるなら 白い百合の花を浮かべて\n弔うから\n\n\n\nだから せめて きかせて\nねぇ お願い もう一度\n\nわからない わかっちゃいない ぼくら きっとなにひとつ\n愛と接吻が壊したら ねぇ なにを恨めばいいの\n神さま、バカ | N5: 似有还无 亦或是相反 我们身陷无法回头的 游戏中\n漂浮着扭曲概念的这片天空 终究只是选择的连续\n\n高举荒谬之剑的骑士们\n为何而战 为谁而战\n\n不明白 根本不明白 我们必定是一无所知\n若爱与吻将一切摧毁 呐 我又该去憎恨什么\n神啊 愚蠢\n\n\n\n明明只是想要相信的理由 却又在相互试探着什么\n试图前行之人 以及停留之人 各自的正义 命运 抛掷硬币\n\n难道所有人都是为了诞生而死去吗\n啊啊 只是想要被拯救啊\n\n不明白 根本不明白 我们必定是一无所知\n若天空浸染悲哀 便让纯白的百合花浮起\n以此悼念\n\n\n\n所以 至少 让我听见\n呐啊 拜托你 请再一次\n\n不明白 根本不明白 我们必定是一无所知\n若爱与吻将一切摧毁 呐 我又该去憎恨什么\n神啊 愚蠢 | O5: Alea jacta est | P5: 愚神，神蠢，神八嘎，神明笨蛋
A6: Mas?uerade Rhapsody Re?uest | B6: Mas?uerade Rhapsody Re?uest | C6: Digital Single | D6: 2023 | E6: 45067 | F6: images/MRR.webp | G6: Original | H6: Diggy-MO' | I6: あらケン(SUPA LOVE) | J6: あらケン(SUPA LOVE) | K6: Ave Mujica 0th LIVE 「Primo die in scaena」 | L6: https://www.bilibili.com/video/BV13g4y1c743 | M6: なら もう汚れたっていい 重い微睡みに身を委ねて\nMas?ueradeその仮面の意味don't be afraid私は贈り物\n紫の空 召されて\n\n\n\n戯れる影と影 飲み込まれ さんざめく狂気さえ 心地良いのか\n滑り込む 夢 夢[the point of no return, dreamin',dreamin',]\n導いてよtake me thereoh yes,oh yes,\n捧げるわ いま\n\nああ もうどうだっていい 秘めやかな想いが抉じ開けて\nMas?uerade 終わらないラプソディ ぬるい吐息が奏でる\nやけに甘い調べに抱かれて\n\n\n\n狂おしい悦びは 何故に何故 蝕んでく世界線 脈を打つ\n紫煙 燻らす指[the point of no return, dreamin',dreamin',]\n天使になれない\n\nなら もう汚れたっていい 重い微睡みに身を委ねて\nMas?ueradeその仮面の意味don't be afraid私は贈り物\n紫の空 召されて\n\n\n\nああ もうどうだっていい 秘めやかな想いが抉じ開けて\nMas?uerade 終わらないラプソディ ぬるい吐息が奏でる\nやけに甘い調べに抱かれて | N6: 那么 即使染上污秽也无妨 委身于沉重的浅眠\nMas?uerade 那副面具的意义 don't be afraid 我是赠礼\n紫天 蒙召而去\n\n\n\n嬉戏的影与影 被吞噬殆尽 哪怕是喧腾的狂气 竟也感到愉快吗\n滑入梦中 梦 梦 [the point of no return, dreamin', dreamin',]\n引导我吧take me there oh yes, oh yes,\n此刻 献出一切\n\n啊啊 怎样都已无所谓了 隐秘的心绪被强行撬开\nMas?uerade 温热的吐息奏响永不终结的狂想曲\n被那异常甜美的旋律拥入怀中\n\n\n\n令人发狂的欢愉 究竟为何 为何 不断侵蚀世界线 脉搏跳动\n紫烟 萦绕指尖[the point of no return, dreamin',dreamin',]\n无法成为天使\n\n那么 即使染上污秽也无妨 委身于沉重的浅眠\nMas?uerade 那副面具的意义 don't be afraid 我是赠礼\n紫天 蒙召而去\n\n\n\n啊啊 怎样都已无所谓了 隐秘的心绪被强行撬开\nMas?uerade 温热的吐息奏响永不终结的狂想曲\n被那异常甜美的旋律拥入怀中 | O6: Alea jacta est | P6: 假面舞会，mas
A7: Ave Mujica | B7: Ave Mujica | C7: Ave Mujica 0th LIVE 「Primo die in scaena」现场表演 | D7: 2023 | E7: 45081 | F7: images/同名.webp | G7: Original | H7: 上松範康(Elements Garden) 織田あすか(Elements Garden) | I7: 上松範康(Elements Garden) | J7: 藤間仁(Elements Garden) | K7: Ave Mujica 0th LIVE 「Primo die in scaena」 | L7: https://www.bilibili.com/video/BV1MP411h759 | M7: 「…ようこそ。Ave Mujicaの世界へ」\n\n不可逆な生命の歴史 - あらすじ - へと\n終焉の杭を打つの\n首を傾げコクリと愛想笑う\n道化 - ドール -たちが紡ぐ物語 - ストーリー-\n\n三日月の舟で（ら La ラ R ァ羅rA乱）\n音楽の花を（ら La ラ R ァ裸rA嵐）\n千切ってはお星に変えて\n毒してあげる\n(Memento mori) 呪縛なの？\n(Memento mori) 救済なの？\n(此処に) 心、闇に捧げよ…！\n\nAve Musica…奇跡を日常に(Fortuna)\nAve Musica…慈悲を与えましょう(Lacrima)\nこの右手あなたが掴むなら (果てなき)\n漆黒の (魅惑に) 悦楽の (虜に)\nŌ…宿命は産声を上げる\n\n心臓と戯れた喜びから\n感じたのは生の息吹\n今宵も心地よく深淵を揺らし\nあなたごと引き摺り込んでく\n\n秘密を導に（ら La ラ R ァ羅rA乱）\n甘美な呪文が（ら La ラ R ァ裸rA嵐）\n荊棘のように絡みついて\n離さないと言う\n(Memento mori) 躍るように\n(Memento mori) 贖うように\n(此処で) 歌と結ばれましょう\n\nAve Musica…仮面の民は誘う \nAve Musica…安らかな世界へ \nあなたの過去を差し出すのなら (必ず)\nいかなる (願いも) いかなる (望みも)\nSic…叶えてあげる\n\nAve Musica…堕ちて、堕ちてゆくの(Fortuna)\nAve Musica…戻れない所まで(Lacrima)\n大丈夫 何も怖くないわ (委ねて)\n始めよう (永遠を) あなたと (私の)\n\nAve Musica…奇跡を日常に(Fortuna)\nAve Musica…慈悲を与えましょう(Lacrima)\nこの右手あなたが掴むなら (果てなき)\n漆黒の (魅惑に) 悦楽の (虜に)\nŌ…宿命は産声を上げる | N7: 「…欢迎来到 Ave Mujica的世界」\n\n向着不可逆的生命历史 - 概要 -\n钉下终焉之桩\n歪头 轻颔 应酬般地笑\n小丑 - 人偶 -们所编织的故事 - Story -\n\n乘着新月之舟（ら La ラ R ァ羅rA乱）\n将音乐之花（ら La ラ R ァ裸rA嵐）\n一片片撕碎化为星星\n令你染上剧毒\n（Memento mori）是咒缚吗？\n（Memento mori）是救赎吗？\n（在此）把心灵奉献给黑暗吧…！\n\nAve Musica…将奇迹化为日常（Fortuna）\nAve Musica…将慈悲赐予你们 (Lacrima)\n若你紧握住这只右手（永无止尽）\n染上漆黑的（魅惑） 成为欢愉的（俘虏）\nŌ…宿命发出初啼\n\n从与心脏嬉戏的喜悦中\n感受到的是生之气息\n今夜亦惬意地摇撼深渊\n连同你一并拖入其中\n\n以秘密为指引（ら La ラ R ァ羅rA乱）\n那甜美的咒文（ら La ラ R ァ裸rA嵐）\n如同荆棘般紧紧缠绕\n宣告着决不放开\n（Memento mori）如跃动般\n（Memento mori）如赎罪般\n（在此）与歌结为一体吧\n\n(Fortuna)Ave Musica…假面之民在诱惑（Fortuna）\n(Lacrima)AveMusica…前往安宁的世界（Lacrima）\n若你愿意献上过去 那么（必定）\n无论怎样的（愿望） 无论怎样的（希求）\nSic…都将为你实现\n\nAve Musica…坠落，不断坠落 (Fortuna)\nAve Musica…直至那不归之处（Lacrima）\n没关系 不需要恐惧（委身吧）\n开始吧（永恒）你（与我）的\n\nAve Musica…将奇迹化为日常（Fortuna）\nAve Musica…将慈悲赐予你们 (Lacrima)\n若你紧握住这只右手（永无止尽）\n染上漆黑的（魅惑） 成为欢愉的（俘虏）\nŌ…宿命发出初啼 | O7: Alea jacta est | P7: 同名
A8: Ankoku Tengoku | B8: 暗黒天国 | C8: Ave Mujica 0th LIVE 「Primo die in scaena」现场表演 | D8: 2023 | E8: 45081 | F8: images/暗黑天国.webp | G8: Cover | H8: 宝野アリカ | I8: 片倉三起也 | J8: UYKADO | K8: Ave Mujica 0th LIVE 「Primo die in scaena」 | M8: Darling 目を開けて \nこの世の悪の巣窟で 啄まれる心を頂戴\n逃げもできぬ 幽閉の蒼白の王子よ\nわたしが女神\nバタフライの羽も 天使の唾液も\nあなたをまだ見ぬ極楽へ 連れ出せはしない\n腐りかけた自由 垢に塗れた愛\n煉獄の焔でzeroから済世しましょう\n不夜の空に黒いダリア\n失する妄想 堕ちる現実\nもがけ蟻ジゴク\nDarling 声上げて このいま刺し違えるほど\n大事なものが欲ししのなら 祈りは果てて\n牢獄で昇天の姫君 あなたが魔王\n怒りの拳も嘆きの傷も跡形もなく\n熔けて消えて散って泡沫\nすべては密猟区 埋もれた罠に ハメられるのなら\n粉々に砕いてほしいわ\n死に至らぬ病 心臓には毒薬\n冒されながらも生きる日々 祝福されたし\n眼蓋の奥 赤いザクロ\n恋する右脳 臆する左脳\nつぶせ針の山\nHoney 抱きしめて\n素肌の絹の光沢で 恍惚しちゃう時間を頂戴\nカラダは裂けて 天国で再会の片割れ\nふたりは半神\n至極の善と魅惑の奈落\n約束の地は 何所か其所か夢かうつつか\nサアドウゾ 此処イラデ 絶頂ヲ迎エマショウ\nDarling 目を開けて\nこの世の悪の巣窟を 蝕めない心を頂戴\n逃げもしない 幽閉の蒼白の王子よ\nわたしが女神\nDarling 声上げて このいま刺し違えるほど\n大事なものが欲しいのなら 祈りは果てて\n牢獄で昇天の姫君 あなたが魔王\n組まれた指と懺悔の首と贖う罪は\n何か何れか嘘か真か | N8: 亲爱的 睁开眼睛吧 \n在这世间邪恶的巢穴中 让我取走你那被啄食的心灵\n无法逃离 被幽禁的苍白王子啊\n我就是女神\n蝴蝶的翅膀 天使的唾液\n都不会把你带往 未曾见过的极乐世界\n腐朽的自由 被污垢涂盖的爱\n就用炼狱之焰 从零开始拯救这世间吧\n不眠的天空中 黑色的大丽花\n丧失的妄想 堕落的现实 \n挣扎吧 犹如无法摆脱的蚁狱\n亲爱的 放声呼喊吧 在这个要同归于尽的当下\n假若你渴望珍贵之物 祈祷便是尽头\n牢狱中升天的公主 你才是魔王\n愤怒的拳头 哀叹的伤痕 终将无迹可寻\n熔化 消散 化作泡沫\n一切都是非法狩猎场 要是被落入深埋的陷阱中\n那就请将我彻底粉碎吧\n无法致死的疾病 对心脏不过是毒药\n虽然被侵袭但仍存活的日子 要受到祝福吗\n眼睑深处 红色的石榴 \n恋爱的右脑 胆怯的左脑 \n压碎它吧 犹如针山之刑\n亲爱的 紧紧相拥吧\n用光滑如绸缎的肌肤 赐予我沉醉的时光\n身躯即便被撕裂 仍在天国中与另一半重逢\n我们互为半神\n至高无上的善 与魅惑的深渊\n约定之地究竟在哪 是梦境还是现实\n那么请吧 就在此处 迎来绝顶的快感\n亲爱的 睁开眼睛吧\n在这世间邪恶的巢穴中 让我吞噬你那无法侵蚀的心灵\n无法逃离 被幽禁的苍白王子啊\n我就是女神\n亲爱的 放声呼喊吧 在这个要同归于尽的当下\n假若你渴望珍贵之物 祈祷便是尽头\n牢狱中升天的公主 你才是魔王\n紧扣的指尖 忏悔的头颅 所赎的罪孽\n究竟是什么 是谎言还是事实 | O8: 「バンドリ！カバーコレクション Extra Volume」 | P8: 暗黑天国
A9: Daten | B9: 堕天 | C9: Ave Mujica 0th LIVE 「Primo die in scaena」现场表演 | D9: 2023 | E9: 45081 | F9: images/堕天.webp | G9: Cover | H9: R-指定 | I9: DJ松永 | J9: UYKADO | K9: Ave Mujica 0th LIVE 「Primo die in scaena」 | M9: あの日林檎の木の下共犯で 踏み越えてみた境界線\nすぐにblack out「あ お怒りで」\n追い立てられてこんな次元へ\n俺とした事が 俺如きですら\n俺に限っていや まさかね\n君のせいにした\n秘密を手にした\nイチジクの葉が右左\nあっという間 目が醒める かと思えば空に落ちて行く\nなんというか やめられぬ\nもうひと齧りagain\nFallin' falling 螺旋状に堕ちてゆく摩天楼に \n今 fallin' falling\n二人ぼっち 気づかない カ一テンコ一ルにも\n(Yeah yeah yeah yeah yeah)どこまでも\n(Yeah yeah yeah yeah yeah)この身任せて\nいつの間に傷が埋まってくyeah \nそこじゃ何から何までごった煮で \n鬼も仏もおんなじ目 \n全てshut out どうかしてる?\n俺らハナから大真面目\nふりほどいて来た うしろ指ですら\nむしろ追い風さ まだ足んねぇ\n蛇に睨まれた 歴史の徒花\nエデンにはまだ「空室あり」\nあっという間 染められる かと思えば熱が醒めていく\nちょっと待ってその前に\nもうひと雫 again\nFallin' falling 螺旋状に堕ちてゆく摩天楼に \n今 fallin' falling\n二人ぼっち 気づかない カ一テンコ一ルにも\n(Yeah yeah yeah yeah yeah)どこまでも \n(Yeah yeah yeah yeah yeah)この身任せて\nいつの間に傷が埋まってくyeah\nAgain fallin' falling 螺旋状に堕ちてゆく摩天楼に \n今 fallin' falling \n二人ぼっち 気づかない カ一テンコ一ルにも\n(Yeah yeah yeah yeah yeah)どこまでも \n(Yeah yeah yeah yeah yeah)この身任せて\nいつの間に傷が埋まってく\nこの血が冷めないうちに 飲み干して\n眩暈するほど気取って\n取り留めない出会いに色付けて\nこの目が醒めないうちに 憑り込んで\n狭い空ごと突き抜けてfalling\n蜜の味二人ハマってくyeah | N9: 那一天在苹果树下 你我作为共犯 跨越了那条边界线\n随即失去意识“啊 生气了呢”\n被驱逐到这片次元\n我在做什么啊 就连像我这样\n只对我一人 不对 不会吧喂\n都怪你\n掌握了秘密\n无花果叶左右颠倒\n一转眼间 才刚刚苏醒 便即将坠入空中\n怎样形容呢 让人欲罢不能\n那就再咬一口 again\nFallin' falling 在螺旋下坠的摩天楼中\n此刻坠落 坠落\n我们只有彼此 甚至未曾察觉 落幕的掌声已然响起\n(Yeah yeah yeah yeah yeah)无尽地坠落\n(Yeah yeah yeah yeah yeah)任凭这身躯飘荡\n不知不觉 伤口逐渐深埋 yeah \n那里将任意一切都炖成大杂烩\n恶鬼与神佛皆为同样的眼神 \n将一切拒之门外 你是疯了吗？\n可我们从来就是一本正经\n甩开枷锁吧 就连身后的指责\n反倒让我们乘风而行 还远远不够\n毒蛇虎视眈眈 历史徒有其表\n伊甸园仍有“空房间”\n转眼之间 脸才被染得通红 热情又即刻冷却殆尽\n请等一下 在此之前\n再给一滴甘霖 again\nFallin' falling 在螺旋下坠的摩天楼中\n此刻坠落 坠落\n我们只有彼此 甚至未曾察觉 落幕的掌声已然响起\n(Yeah yeah yeah yeah yeah)无尽地坠落\n(Yeah yeah yeah yeah yeah)任凭这身躯飘荡\n不知不觉 伤口逐渐深埋 yeah\nFallin' falling 在螺旋下坠的摩天楼中\n此刻坠落 坠落 \n我们只有彼此 甚至未曾察觉 落幕的掌声已然响起\n(Yeah yeah yeah yeah yeah)无尽地坠落\n(Yeah yeah yeah yeah yeah)任凭这身躯飘荡\n不知不觉 伤口逐渐深埋\n趁血液尚未冷却 一饮而尽\n装腔作势至头晕目眩\n为不得要领的相逢染上色彩\n趁意识尚未苏醒 互为依凭\n连带狭小的天空 穿透云霄falling\n两人一同沉浸于甜蜜的滋味yeah | O9: 「バンドリ！カバーコレクション Extra Volume」
A10: KINGS | B10: KINGS | C10: Ave Mujica 0th LIVE 「Primo die in scaena」现场表演 | D10: 2023 | E10: 45081 | F10: images/kings.webp | G10: Cover | H10: atsuko | I10: atsuko • KATSU | J10: UYKADO | K10: Ave Mujica 0th LIVE 「Primo die in scaena」 | M10: Worries slowly come and kiss\nTell me what's your name\nまた惹かれ合っては 比べ合う事でけなして\n何度夜が巡ろうとも 真っ暗闇のどっかで\n欠けた自分のpieceだったら\nSearch and kiss and destroy\nBig bang\n野蛮な情熱 冷静な衝突\n血を見るまで容赦はしないの? \nBig bang\n確かめたい 繋がっていたい 本当は恐いの?\n未完成な愛をぐっと振りかざして\n分かりたい分からない 分からず屋\n相反する正義に集う輩さ\n一瞬の安らぎに寄り添って\n似てると言われる程 気になって仕方なくなる\n目をそらしたら負けさ 未来はあやふやで\n過去は二度と変えられないと\n知っているさ\nSearch and kiss and destroy \nBig wave \n歪んだ衝動 歯痒い残響\nゆさぶってんの? 逃げたりはしない\nBig wave\n競い合っていたい 高ぶっていたい 本当は恐いの?\n不格好な愛さえ歴史の中じゃ 瞬き以下の瞬刻だろう\n舐め合う為の傷なんて無いさ\nプライドがあっち側で笑ってる \nWorries slowly come and kiss \nTell me what's your name \nWorries slowly come and kiss \nSearch and kiss and destroy \nBig bang\n野蛮な情熱 冷静な衝突\n血を見るまで容赦はしないの? \nBig bang\n確かめたい 繋がっていたい 本当は恐いの?\n未完成な愛をぐっと振りかざして\n分かりたい分からない 分からず屋\n相反する正義に集う輩さ\n一瞬の安らぎに寄り添って \nCan I feel can you feel\nLife is a moment\n惰性を打破して抱きしめたい\n舐め合う為の傷なんて無いさ\nプライドがあっち側で笑ってる | N10: 忧虑缓缓而至 轻轻吻上\n告诉我 你的名字是什么\n彼此再次相互吸引 却又因互相比较而暗自贬低\n无论要经历多少长夜 黑暗都会存在于某处\n假若缺失自己的碎片\n那就去搜寻 去亲吻 去毁坏\n大爆炸\n野蛮的热情 冷静的冲突 \n直至见血之前 都不会宽恕对方丝毫吗？\n大爆炸\n渴望得到确认 渴望得到羁绊 其实是出于恐惧吗？\n标榜着尚未完成的爱\n渴望理解 却未曾理解 不曾明白的人\n聚集在相反正义之下的人们啊\n依偎在一瞬的安宁之中\n越是被人说相似 越是在意得耿耿于怀\n移开视线便会败北 未来暧昧不清\n而过去无法再度改变\n我明明早已深知\n那就去搜寻 去亲吻 去毁坏\n掀起巨浪\n扭曲的冲动 令人焦躁的余韵\n是要让人动摇吗？我绝不会逃避的\n掀起巨浪\n渴望着竞争 渴望着兴奋 其实是出于恐惧吗？\n再笨拙的爱在历史的洪流中 不过是转瞬即逝的刹那吧\n伤痕并不是为了互相舔舐而存在\n否则自尊心会那一边冷冷嘲笑\n忧虑缓缓而至 轻轻吻上\n告诉我 你的名字是什么\n忧虑缓缓而至 轻轻吻上\n去搜寻 去亲吻 去毁坏\n大爆炸\n野蛮的热情 冷静的冲突 \n直至见血之前 都不会宽恕对方丝毫吗？\n大爆炸\n渴望得到确认 渴望得到羁绊 其实是出于恐惧吗？\n标榜着尚未完成的爱\n渴望理解 却未曾理解 不曾明白的人\n聚集在相反正义之下的人们啊\n依偎在一瞬的安宁之中\n我可感觉到 你可感觉到吗\n生命只是一瞬\n希望打破惰性 紧紧相拥\n伤痕并不是为了互相舔舐而存在\n否则自尊心会那一边冷冷嘲笑 | O10: 「バンドリ！カバーコレクション Extra Volume」
A11: Determination Symphony | B11: Determination Symphony | C11: Ave Mujica 0th LIVE 「Primo die in scaena」现场表演 | D11: 2023 | E11: 45081 | F11: images/logo/DS.webp | G11: Cover | H11: 織田あすか(Elements Garden) | I11: 藤永龍太郎(Elements Garden) | J11: 藤永龍太郎(Elements Garden) | K11: Ave Mujica 0th LIVE 「Primo die in scaena」 | M11: 潤んだ予感はbye now\n滴る痛みの中 雨色に染まって\n大きく開(ひら)いたdistance\nいつの間にか落ちてゆくわ…冷たさに\n滲んだ【スコア】探す【答え】\n降り止まない苦しみに差し出された\n微笑みの【微笑みの】Umbrella【Umbrella】\nus…包み込んで 合わさるprecious\n【Where there is a will, there is a way.】\n【Where there is a will…】\nBring it on down\n決意の調べ【hang in there】\n勇気の祈りを音色に載せて【get over】\n約束繋ぐ指先で弾(はじ)くの\nいつしか【響け】貴方の横で\n今はまだ無理でも\n【向き合う定めよ】【\nワタシハ ヤメナイ\n蜃気楼のようでfleeting\n淀んだ景色が行く 伏し目がちになって\n静けさ返ってはdistance\n声も届かずに散りだす はらはらと\n水面に映る美しき縁(えにし)は\n【the naked truth】\n誇りを 今に取り戻すわ\nBring it on down\n使命の調べ【set you free】\n折れないリビドー音色に載せて【till the end】\n約束繋ぐ指先で弾(はじ)くの\nいつしか【光れ】貴方の横で\n此れで終わりじゃない\n【奇跡はなくとも】\nワタシハ カナデル\nセカイデ ヒトツノ タイセツナヒト\nツナゲ ココロ フカク\nツナゲ ユメヲ シナヤカニ…\n涙の【スコア】映る【答え】\n降りしきった悲しみを迎えたのは\n微笑みの【微笑みの】Umbrella【Umbrella】\nus…見守るように 優しくhold on\n【Where there is a will, there is a way.】\n【Where there is a will…】\nBring it on down\n決意の調べ【hang in there】\n勇気の祈りを音色に載せて【get over】\n約束繋ぐ指先で弾(はじ)くの\nいつしか【響け】貴方の横で\n今はまだ無理でも\n【向き合う定めよ】\nワタシヨ ツキススメ…！ | N11: 暗中预感着会在此刻别离\n那份不停的痛苦 把雨水的颜色尽染\n逐渐拉开的那份距离\n不知不觉间开始落下的雨啊…如此寒冷\n铭记于心的【乐谱】寻找着【回答】\n向无尽的痛苦之雨中递来的是\n浮现微笑的【浮现微笑的】雨伞【雨伞】\n将我们…相互包裹 合而为一的珍贵之物\n【只要心中所向，道路就在前方。】\n【有志者事竟成…】\n随心所欲 将其击溃\n下定决心的旋律【坚持下去】\n将勇气的祈愿附在音色之中【将其克服】\n用那约定相连的指尖弹起\n不知不觉【奏响吧】就在你身旁奏响的\n即使是还无法实现\n面对于你的命运啊】\n我也绝对 不会放弃\n像海市蜃楼一般 转瞬即逝\n模糊的景色散去 低头是空无一物\n静止不动的那份距离\n在话语也传达不到的地方开始 簌簌地落下\n水面上倒映出的美好的缘分\n【浮现的真实】\n将骄傲 于此时去取回吧\n不再被束缚 将其击溃\n怀有使命的旋律【重夺自由】\n将不屈的本能附在音色之中【直至终结】\n用那约定相连的指尖弹起\n不知不觉【闪耀吧】就在你身旁闪耀的\n这还不是结束之时\n【即使没有什么奇迹】\n我也仍会 将其奏响\n世界上的 唯有一个 无比而珍贵的人\n相连吧 将心灵 紧紧地\n相连吧 将梦想 用那份温柔…\n泪水的【乐谱】映出着【回答】\n在无尽的悲伤之雨中迎接着的\n浮现微笑的【浮现微笑的】雨伞【雨伞】\n将我们…守护一般 用那温柔让我们向前\n【只要心中所向，道路就在前方。】\n【有志者事竟成…】\n随心所欲 将其击溃\n下定决心的旋律【坚持下去】\n将勇气的祈愿附在音色之中【将其克服】\n用那约定相连的指尖弹起\n不知不觉【奏响吧】就在你身旁奏响的\n即使是还无法实现\n【面对于你的命运啊】\n我自己啊 继续前行吧…！ | P11: 决心交响曲，roselia
A12: PASSIONATE ANTHEM | B12: PASSIONATE ANTHEM | C12: Ave Mujica 0th LIVE 「Primo die in scaena」现场表演 | D12: 2023 | E12: 45081 | F12: images/logo/pa.webp | G12: Cover | H12: 織田あすか(Elements Garden) | I12: 藤永龍太郎(Elements Garden) | J12: 藤永龍太郎(Elements Garden) | K12: Ave Mujica 0th LIVE 「Primo die in scaena」 | M12: (We went all out to win)\nPassionate Gaze\n(We went all out to win)\nPassionate Voice\n(We went all out to win)\nPassionate Soul\n(We went all out to win)\n眼差しは 唯ひたすらに愚直さを込めて\n魂と本能をくすぐっていった\n新たな挑戦が 本物へと近づく…\nどんなステージだって 微笑みをあげるわ\n(Breaking out)逆鱗に触れた先に落ちた\n(Breaking out)産声が激しくぶつかり合う宴\n競い咲くように 命の Anthem 嗚らして\n磨き上げてゆく それぞれのダイヤを胸に抱き\n自らの音を 信じているからと 高らかに\n妥協はしない 譲らない 決して揺るがないものは\n誇りある この想い\n(We went all out to win)\nPassionate Song\n(We went all out to win)\nRush!\n声と声 重ね合って\n目覚めてゆく細胞はAmazing\nChallenge\nその姿は 正に異端児\nRush!\nFreed\n盤上に開く夢へのGate\nかかって来なさい、勝てると思うのならば\n(Living on)互いのセオリー響き合わせて\n(Living on)目覚ましく現れた熱情が光る\n常に燃え尽きることなく 心を動かして\n言の葉の世界が煌びやかに ひらり舞い踊る\n授かったものを 輝かしく育ててゆくまで\n崩れはしない 倒れない 決して壊れないものは\n誇りある この絆\n私たちの最果ては何処なのか\n己の中を追い求め走り出す\nこの正解を手に入れるまでは\nAre you ready? …容赦しない\n競い咲くように 命の Anthem 嗚らして\n磨き上げてゆく それぞれのダイヤを胸に抱き\n自らの音を 信じているからと 高らかに\n妥協はしない 譲らない 決して揺るがないものは\n誇りある 仲間たち\n(We went all out to win)\nPassionate Gaze\n(We went all out to win)\nPassionate Voice\n(We went all out to win)\nPassionate Soul\n(We went all out to win) | N12: 我们为了赢而拼尽全力\n激情的凝视\n我们为了赢而拼尽全力\n激情的声音\n我们为了赢而拼尽全力\n激情的灵魂\n我们为了赢而拼尽全力\n凝视的目光直直刺入愚昧的正直\n灵魂和本能一直蓄势待发\n新的挑战离真实之物近在咫尺\n无论走上怎样的舞台 我们都会献以微笑\n（爆发吧）在触碰到逆鳞之前他们就已四散而逃\n（爆发吧）这是初生之啼哭激烈碰撞的盛宴\n这竞相绽放的生命之颂歌被奏响了\n把每个人的宝石一点点地擦亮 在胸前抱紧\n因为尽力相信 自己的声音才越发高昂\n不妥协 不退让 决不动摇的东西\n就是这值得骄傲的意志\n我们为了赢而拼尽全力\n激情的乐曲\n我们为了赢而拼尽全力\n冲刺吧！\n每个人的声音重合放大\n正在觉醒的细胞可谓惊奇\n超越突破极限的挑战\n这般姿态简直就是异端之子\n冲刺吧！\n这成长的双翼不受束缚\n通往梦想的门自由敞开\n全都放马过来吧 如果觉得能赢过我们的话\n（以此为生）让彼此的信条交织奏鸣\n（以此为生）这闪光的热情震撼登场\n这永不熄灭的心跳动起来了\n这由言语组成的世界光辉灿烂地起舞了\n在所有领悟到的东西全部可以尽情闪耀之前\n不会崩塌 不会被击倒 绝对无法被破坏的\n就是这值得为之自豪的羁绊\n我们的终点到底在何处\n为追求自己的内在而开始奔跑\n在把这正解得到手之前\n你准备好了吗？不会有一点宽容\n这竞相绽放的生命之颂歌被奏响了\n把每个人的宝石一点点地擦亮 在胸前抱紧\n因为尽力相信 自己的声音才越发高昂\n不妥协 不退让 决不动摇的东西\n就是值得为之自豪的朋友们\n我们为了赢而拼尽全力\n激情的凝视\n我们为了赢而拼尽全力\n激情的声音\n我们为了赢而拼尽全力\n激情的灵魂\n我们为了赢而拼尽全力 | P12: roselia
A13: Utopia | B13: 素晴らしき世界 でも どこにもない場所 | C13: Digital Single | D13: 2023 | E13: 45290 | F13: images/utopia.webp | G13: Original | H13: Diggy-MO' | I13: 長谷川大介(SUPA LOVE) | J13: 長谷川大介(SUPA LOVE) | K13: Ave Mujica 1st LIVE「Perdere Omnia」 | L13: https://www.bilibili.com/video/BV1Xg4y1k7GH | M13: 失えばいい たったひとつのひかり目指すため\n壊せ 壊せと いつも叫んでる 牙を剥く夜\n嘆くな 憂うな きっとこころは知っているはずさ\n \n輝ける時代（とき）の波よ いまはもう幻と移ろう風よ\n破壊が ほら もたらすわ すべてを\n \n[now all the walls will come down] 新たなる火を\n \n \n \n巡る 時計の数字 消してゆく夜\n理想郷 信念が描き出す‘素晴らしき世界’ でも ‘どこにもない’\n‘どこにもない場所’へと\n \n静かなるその熱情よ 届くのだと想い馳せる夢追い人よ\n破壊が また もたらすわ 真実を\n \n \n \n[now all the walls come down] 何が見える 何を見る\n[let's get it off the ground] そう いま架け橋になる\nさあ 怯むことなく 尊い思想に\n何をも恐れず 命を誘うように\n \n輝ける時代（とき）の波よ いまはもう幻と移ろう風よ\n破壊が ほら もたらすわ すべてを\n \n[now all the walls will come down] 新たなる火を | N13: 失去也无妨 只为追寻那唯一的光芒\n破坏吧 破坏吧 总这样嘶吼着 那露出獠牙的夜晚\n莫悲叹 莫忧愁 心一定早已知晓\n \n辉煌时代的浪潮啊 如今已是幻影与流转之风啊\n破坏带来的 看吧 是一切\n \n[now all the walls will come down] 带来新生之火\n \n \n \n将轮转的时钟数字 渐渐抹去的夜啊\n乌托邦 信念描绘出的‘美好世界’，却‘哪里都不存在’\n向着‘哪里都不存在的地方’\n \n那沉静的热情啊 怀揣着终将能够抵达念想的逐梦者啊\n破坏带来的 再度 是真实\n \n \n \n[now all the walls come down] 能看见什么 选择去看什么\n[let's get it off the ground] 是的 此刻化为桥梁\n来吧 毫不退缩地 向着那崇高的思想\n无所畏惧 如同召唤生命\n \n辉煌时代的浪潮啊 如今已是幻影与流转之风啊\n破坏带来的 看吧 是一切\n \n[now all the walls will come down] 带来新生之火 | O13: 素晴らしき世界 でも どこにもない場所,Ave Música | P13: 素晴，乌托邦
A14: Angles | B14: Angles | C14: Digital Single | D14: 2024 | E14: 45298 | F14: images/angles.webp | G14: Original | H14: Diggy-MO' | I14: 長谷川大介(SUPA LOVE) | J14: 長谷川大介(SUPA LOVE) | K14: Ave Mujica 1st LIVE「Perdere Omnia」 | L14: https://www.bilibili.com/video/BV1Ai4y167MU | M14: 訪れたの いま 連れ出すため\n明日に落とす 静寂と月明かり\n見つめている 感じている 歪んだ刻（とき）の中で\nあらゆる日々は そう この‘刻（とき）’のため\n \n‘すべての段階’ そのリストを ひとつ またひとつ 燃やすの\n \ndon't be serious 身を任せて 夜が創られてゆく\ndon't be serious もう一度 あの月が満ちたら\ncurious, so curious 怖くなるほど綺麗でしょ\n‘死’それは私たちを結びつけるわ\n \n \n \n生まれるのね 祝福とともに\n未来照らす産声を轟かせ\n伝えるべきものをと いざ 創られし新たなる物語（ストーリー）\nあらゆる日々は そう この‘瞬間（とき）’のため\n \n背景がまた変わる めくるページ さあ 目眩く激情\n \ndon't be serious 思うままに空を彩どるのは\ndon't be serious もう二度と振り返らぬ証\ncurious, so curious 繰り返すのね 愚かでしょ\n‘生’それが私たちを分かつものなの\n \n \n \nYou and I ‘God's Creation’\n \ndon't be serious 身を任せて 夜が創られてゆく\ndon't be serious もう一度 あの月が満ちたら\ncurious, so curious 怖くなるほど綺麗でしょ\n‘死’それは私たちを結びつけるわ | N14: 到来了 此刻 为了将我们带走\n将寂静与月光 洒落于明日\n凝视着 感受着 在扭曲的时光之中\n所有的日子 是的 都是为了此刻\n \n‘所有的阶段’ 将那清单 一项又一项付之一炬\n \ndon't be serious 交托身体 夜晚正被逐渐创造\ndon't be serious 再一次 当那轮月亮再次盈满\ncurious, so curious 美丽到使人畏惧吧？\n‘死’ 它会将我们连结在一起\n \n \n \n要诞生了呢 与祝福一同\n让照亮未来的初啼响彻\n为传达那应传达之物 来吧 就此创生的崭新故事\n所有的日子 是的 都是为了这 '瞬间'\n \n背景再度变幻 翻动书页 来吧 令人目眩的激情\n \ndon't be serious 随心所欲地为天空着色\ndon't be serious 这便是再也不回头的证明\ncurious, so curious 还在重复着呢 很愚蠢对吧\n‘生’ 那是会将我们分离之物\n \n \n \nYou and I 'God's Creation'\n \ndon't be serious 交托身体 夜晚正被逐渐创造\ndon't be serious 再一次 当那轮月亮再次盈满\ncurious, so curious 美丽到使人畏惧吧？\n‘死’ 它会将我们连结在一起 | O14: 素晴らしき世界 でも どこにもない場所 | P14: 角
A15: Symbol I : Fire | B15: Symbol I : 🜂 | C15: Digital Single | D15: 2024 | E15: 45389 | F15: images/fire.webp | G15: Original | H15: Diggy-MO' | I15: 長谷川大介(SUPA LOVE) | J15: 長谷川大介(SUPA LOVE) | K15: Ave Mujica 2nd LIVE「Quaerere Lumina」神奈川公演 | L15: https://www.bilibili.com/video/BV1GJ4m1E7F4 | M15: 絵画が燃える 騎士（ナイト）が消える\n何がほざく 黙らぬ夢に\n私はいる あなたの視界の陰に革命を描くの\n \nthis is the way 背筋襲う光 浮き上がる火の竜と\ninto the realm やがて出逢うわ 西の城壁で\n焼けてくロザリオ 逆巻く炎 ilala,ilala,\nこの記憶 孤高の記憶 神の唯一の過ち\n人は皆 完全なものを語れないわ\nいつの時代（とき）も残酷さが美を創り 世界は悦んで蠢き出す\n \n探しているわ\n \n \n \n闇は報い 何が救い\n歴史の海に反射する星よ\n軋む胸に刻めよ 弔えよ霊を 名もなき英雄を\n \nthis is the way 咽せ返る薔薇の楽園に臨めば\ninto the realm 決まるこの心 いざいま ゆくだろう\n \n煌めくロザリオ 導く者 ilala,ilala,\nこの記憶 孤高の記憶 誰も奪えはしないわ\n刻は来た 世界が私だけを忘れてく\n近づいたの 行き過ぎたの でもいいわ すべてを取り戻せるのなら\n \n迎えに来たのね さあ 私を連れてゆけ\n赤く咲き誇る この哀しい空に\nねぇ\n \n焼けてくロザリオ 逆巻く炎 ilala,ilala,\nこの記憶 孤高の記憶 神の唯一の過ち\n人は皆 完全なものを語れないわ\nいつの時代（とき）も残酷さが美を創り 世界は悦んで蠢き出す\n \n探しているわ | N15: 画作燃烧 骑士消失\n谁在胡言乱语 对着不愿沉默的梦\n我在此处 于你视野的阴影中描绘革命\n \nthis is the way 令脊背战栗的光芒 与浮现而出的火龙\ninto the realm 终将相遇 在西面城墙下\n渐燃的玫瑰念珠 翻卷的火焰 ilala, ilala,\n这份记忆 孤高的记忆 是神唯一的过错\n人皆无法言说完美之物\n任何时代都是残酷创造着美 世界欢欣地开始蠢动\n \n我正在寻找啊\n \n \n \n暗为报偿 何为救赎\n倒映在历史之海中的星星啊\n铭刻于作痛的胸中 悼唁亡灵吧 悼唁那无名的英雄\n \nthis is the way 当来到那令人窒息的玫瑰乐园\ninto the realm 此心已决 现在 就出发吧\n \n闪耀的玫瑰念珠 引导者 ilala, ilala,\n这份记忆 孤高的记忆 谁都无法夺走\n时刻已至 世界正唯独将我遗忘\n是更近一步 还是已然越界 都无妨 只要能够夺回一切\n \n你是来接我的吧 来 带我走\n赤红盛放 在这悲伤的天空之下\n啊\n \n渐燃的玫瑰念珠 翻卷的火焰 ilala, ilala,\n这份记忆 孤高的记忆 是神唯一的过错\n人皆无法言说完美之物\n任何时代都是残酷创造着美 世界欢欣地开始蠢动\n \n我正在寻找啊 | O15: ELEMENTS,Ave Música | P15: 火，元素一，1
A16: Symbol II : Air | B16: Symbol II : 🜁 | C16: Digital Single | D16: 2024 | E16: 45430 | F16: images/air.webp | G16: Original | H16: Diggy-MO' | I16: 高橋涼(SUPA LOVE) | J16: 高橋涼(SUPA LOVE) | K16: Ave Mujica 2nd LIVE「Quaerere Lumina」神奈川公演 | L16: https://www.bilibili.com/video/BV1A7421o7Di | M16: この風が そう‘嵐’ を呼ぶわ\n私を奏でる誰かの言葉\n唄いながら闇に踊れ 笑いながら やあ 泣き濡れて ただ\nha-ha, わからないわ なにもないから\n \nでも 世界が望むのならば そうね\nハルピュイア ケルベロス ああ 何物にでもなれるわ\n \nまだまだよ まだね まだまださ まだ\n何度でも kiss をする色のない私\nまだまだよ まだね まだまださ\nでも なぜかしらね なにをしても虚しいの\n \n \n \n頼れないもう 時の魔法に\n奪われた秩序 ああ 北の空\n降り注ぐ大雨の中 朽ち果てるその魂が ほら\nha-ha, 時代を司る大義名分とやら\n \nでも 神が見ているのならば 唄い 踊らねば\n再び ‘嵐’ を呼ぶ 仰せのままに\n \nまだまだよ まだね まだまださ まだ\n彼らを翻弄するわ 求めない私\nまだまだよ まだね まだまださ\nほらでも あなたも そう きっと同じなのね\n \n‘この大地にあるものはすべて消え去る’ と\nからがら あなたならあらためるかしら\n \nまだまだよ まだね まだまださ まだ\n何度でも kiss をする色のない私\nまだまだよ まだね まだまださ\nでも なぜかしらね なにをしても虚しいの | N16: 这风 是啊 呼唤着 ‘暴风雨’\n某人的话语奏响了我\n一边歌唱一边在黑暗中舞蹈 一边笑着 呀 泪流满面 只是\nha-ha, 我不知道啊 因为一无所有\n \n但是 如果是世界所期望的话\n哈耳庇厄 刻耳柏洛斯 啊啊 可以成为任何东西\n \n还不够啊 还不够 还远远不够 还不\n无色的我一次又一次地亲吻\n还不够啊 还不够 还远远不够\n但是 为什么呢 无论做什么都觉得空虚\n \n \n \n已经无法依赖 时间的魔法\n被夺走的秩序 啊啊 北方的天空\n在倾盆大雨中 那彻底腐朽的灵魂 你瞧\nha-ha, 所谓支配这个时代的大义名分\n \n但是 如果神在注视着 我便不得不唱歌 起舞\n再次召唤 ‘暴风雨’ 悉听尊命\n \n还不够啊 还不够 还远远不够 还不\n我会玩弄他们 别无所求的我\n还不够啊 还不够 还远远不够\n但你瞧 你也是 是的 你一定也是一样的呢\n \n‘这大地上的一切都将消逝’\n狼狈不堪 如果是你 会就此改变吗\n \n还不够啊 还不够 还远远不够 还不\n无色的我一次又一次地亲吻\n还不够啊 还不够 还远远不够\n但是 为什么呢 无论做什么都觉得空虚 | O16: ELEMENTS,Ave Música | P16: 气，风，元素二，2，马达
A17: Symbol III : Water | B17: Symbol III : 🜄 | C17: Digital Single | D17: 2024 | E17: 45458 | F17: images/water.webp | G17: Original | H17: Diggy-MO' | I17: トミタカズキ(SUPA LOVE) • Diggy-MO' | J17: トミタカズキ(SUPA LOVE) | K17: Ave Mujica 2nd LIVE「Quaerere Lumina」爱知公演 | L17: https://www.bilibili.com/video/BV17w4m1Y7kf/ | M17: 月を詠む 海のリズム\n私は ‘最初に降り立った者’\n流れ出す このプログラム\n引き合う魂 魂の歌が\n\n叫ぶの 欲望を 命の緊張を高めてゆくわ\n\n寄せる 寄せる 寄せる波 私の性の中で\n馳せる 馳せる 馳せる夢 微かな音を抱きしめて\n揺れる 揺れる 揺れる愛 あなた対極にいて その炎と重なって\nいま ‘大宇宙(おおぞら)’になる\n\n\n\n可哀想に おいでなさい\nついには影を手放したのね\n古い本は焼き払われ\n時代が通り過ぎてゆく\n\nいまでも 幸せなその’死’の訪れをただ祈りながら\n\n寄せる 寄せる 寄せる波 すべてを 嗚呼 受け入れて\n馳せる 馳せる 馳せる夢 何もかもを失って\n揺れる 揺れる 揺れる愛 遠く近く あなたの炎が舞い上がる\n世界は白くなる\n\n\n\n導くように\n小さな磁気を帯びて煌めいている場所がある\nそう 私はかつて最初に降り立った者\nこの白き世界に\n\n寄せる 寄せる 寄せる波 ‘生’の中で\n馳せる 馳せる 馳せる夢 微かな音を抱きしめて\n揺れる 揺れる 揺れる愛 ああ その命(ほのお)と重なって\nいま ‘大空’になる | N17: 吟咏月色 海之节奏\n我是“最初降临之人”\n既定的程式运作流转\n彼此吸引的灵魂 灵魂之歌\n\n呐喊的欲望 绷紧生命的琴弦\n\n翻涌 翻涌 波浪层层涌来 在我的天性中激荡\n疾驰 疾驰 梦想奔向远方 怀抱微弱的余音\n摇曳 摇曳 爱情动摇不定 与身处对极的你 同那火焰重叠在一起\n此刻 化作广阔天空\n\n\n\n真是可怜 过来吧\n终于舍弃了影子呢\n旧书被焚毁\n一个时代渐渐远去\n\n直到如今 仍只祈祷着幸福的死亡降临\n\n翻涌 翻涌 波浪层层涌来 啊啊 将所有尽数接纳\n疾驰 疾驰 梦想奔向远方 纵然失去一切\n摇曳 摇曳 爱情动摇不定 似近似远 你的火焰飞扬而起\n世界变得一片纯白\n\n\n\n仿佛命运指引一般\n有处地方带微弱的磁场 闪烁光芒\n没错 我是最初降临于此之人\n在这纯白的世界\n\n翻涌 翻涌 波浪层层涌来 在生命之中\n疾驰 疾驰 梦想奔向远方 怀抱微弱的回响\n摇曳 摇曳 爱情动摇不定 啊啊 与生命之火交融\n此刻 化作无垠宇宙 | O17: ELEMENTS | P17: 元素水，窝塔，元素三，3
A18: Symbol IV : Earth | B18: Symbol IV : 🜃 | C18: Digital Single | D18: 2024 | E18: 45481 | F18: images/earth.webp | G18: Original | H18: Diggy-MO' | I18: 長谷川大介(SUPA LOVE) • Diggy-MO' | J18: 長谷川大介(SUPA LOVE) | K18: Ave Mujica 3rd LIVE「Veritas」 | L18: https://www.bilibili.com/video/BV1Cz421e79N | M18: 紡いでゆくの\nかつて この地が幾多の文化を慈しんだように\n捧げているの\n紅い花が咲くとき 入り口は開かれるわ\n \ncome into me 次の人生を ああ 嗚呼 形どるの\nそうよ いつか飛び立つときを知るでしょう\n \n差し出されたサフラン色の翼\nいまはそこに 光を纏って\nyou are.. you are.. you are my reason to be\nyou’re my only 自由になって\n \n \n \n還ってゆくの\n下腹部に耳を当て 星の鼓動を数えながら\n \ncome into me and again さあ 礎をもてば 描けるわ\nそうよ そのときのため\n \n追憶に蘇る アイリスの恵み 雨\n広がる緑 赤土の丘に青い弓が張り 大地に美しいスカーフが架かる\n \n \n \n差し出されたサフラン色の翼\nいまはそこに 光を纏って\nyou are.. you are.. you are my reason to be\nyou're my only.. you’re my only.. you are my reason\n \nyou are my reason | N18: 就此编织下去\n正如这片大地曾珍爱过无数文化那般\n奉献\n当红花绽放之时 入口将会开启\n \ncome into me 将下一段人生 啊啊 塑造成型\n是啊 总有一天会知晓展翅高飞之时吧\n \n那被给予的藏红花色翅膀\n如今在那里 披覆着光芒\nyou are.. you are... you are my reason to be\nyou're my only 获得自由吧\n \n \n \n归去\n附耳于小腹 细数星辰的心跳\n \ncome into me and again 来吧 若拥有基石 便能绘出\n是啊 正是为了那一刻\n \n在追忆中复苏的 伊里斯之恩泽 雨\n绿意铺展 蓝弓张于红土丘陵 美丽的长带横跨大地\n \n \n \n那被给予的藏红花色翅膀\n如今在那里 披覆着光芒\nyou are.. you are... you are my reason to be\nyou're my only.. you’re my only.. you are my reason\n \nyou are my reason | O18: ELEMENTS | P18: 地，土，元素四，4
A19: Ether | B19: Ether | C19: Digital Single | D19: 2024 | E19: 45534 | F19: images/ether.webp | G19: Original | H19: Diggy-MO' | I19: 長谷川大介(SUPA LOVE) • Diggy-MO' | J19: 長谷川大介(SUPA LOVE) | K19: Ave Mujica 3rd LIVE「Veritas」 | L19: https://www.bilibili.com/video/BV1D12BYUEXn | M19: 一葉の銀河系\n夢を描く\n幻をああ 体験しているのね\n星図にはないわ いま 刻（とき）のしじまを破って命が流転する\n宇宙（そら）のオーケストラ 人の願望とは果てしなく\n \n月より下に時代を創って 何者かになるのね\n \nでもね 知ってほしい 本当の光を\n静寂の中でだけ輝くその光\nあなたに 知ってほしい 真実（ほんとう）の輝きを\n深い闇の中でそれを知り 決して 忘れてはいけない\n \n \n \n複雑性の一面を人は運命と呼ぶ\n自分らしさに拘らないで\n計り知れないところで巡ってゆく\n \n月より下に それでも掲げ 闘うのね\n \nでもね 知ってほしい 本当の光を\n静寂の中でだけ輝くその光\nあなたに 知ってほしい 真実（ほんとう）の輝きを\n深い闇の中でそれを知り 決して 忘れてはいけない\n \n \n \n自由になる\n廻る やがて調和が訪れる\nそのとき 自由という概念も無くなるわ\nまた 宇宙（そら）へ 還ってゆく | N19: 一叶银河系\n描绘着梦\n啊啊 正在体验幻象呢\n星图之上不存在 此刻 打破时光的寂静 生命流转\n宇宙的管弦乐 所谓人的愿望 无穷无尽\n \n在月亮之下开创时代 会成为某种存在吧\n \n但是啊 希望你知晓 真正的光芒\n那道只在寂静之中闪耀的光芒\n希望你知晓 真实的光辉\n在深邃的黑暗中知晓它 绝对 不能忘记\n \n \n \n复杂性的一面 人们称之为命运\n不要拘泥于自我本色\n于不可测知之处循环流转\n \n在月亮之下 即便如此仍高举着 战斗着呢\n \n但是啊 希望你知晓 真正的光芒\n那道只在寂静之中闪耀的光芒\n希望你知晓 真实的光辉\n在深邃的黑暗中知晓它 绝对 不能忘记\n \n \n \n获得自由\n周而复始 和谐终将降临\n届时 自由这一概念也将不复存在\n再一次 归于宇宙 | O19: ELEMENTS,Ave Música | P19: 以太，元素五，5
A20: KiLLKiSS | B20: KiLLKiSS | C20: Ave Mujica 4th LIVE「Adventus」现场表演 | D20: 2024 | E20: 45641 | F20: images/kk通常.webp | G20: Original | H20: Diggy-MO' | I20: 長谷川大介(SUPA LOVE) • Diggy-MO' | J20: 長谷川大介(SUPA LOVE) | K20: Ave Mujica 4th LIVE「Adventus」 | L20: https://www.bilibili.com/video/BV1g4E4zsEQr | M20: 弄られて垂れ流す 音のない音\n遍く 名前を捨てたのね あなたのモザイクが泣いてる\ncan not, can not, not, not, not deny 紛れもなく真実\nさあ 預けて 回帰するように\n \nエネルギーはサイクル そう いまは無重力\n象徴的なパレード この月夜に仰げよ仰げ\n‘completeness’\n嗚呼 命の灯を掲げ\n \nKiLLKiSS judy.., KiLLKiSS jude.., KiLLKiSS juda..,\n欺いて\nKiLLKiSS judy.., KiLLKiSS jude.., KiLLKiSS juda..,\n抱きしめて\nねぇ 無防備だね 美しい戯れに 人は壊れてゆく\n可笑しいわね\n \n \n \n'cuz we're all alone\nalone, 噛み締めても まだ痛むなら\n \n手を挙げ 希え\noh, when you bleed, 惑星に そう その影を伸ばせ\nねぇ 私の世界（ほし）が知りたがっているわ さあ\nyou bleed, yes, bleed その血で 天（そら）の五線譜を書き換えれば\ncode ‘KiLLKiSS’ uh..,\n \nKiLLKiSS judy.., KiLLKiSS jude.., KiLLKiSS juda..,\n欺いて\nKiLLKiSS judy.., KiLLKiSS jude.., KiLLKiSS juda..,\n抱きしめて\nねぇ あからさまね 醜い終局に すべてが変わってゆく\n儚いのね\n \nそう このまま 壊れて | N20: 被玩弄着倾泻出 无声之音\n舍弃了一切名字呢 你的马赛克正在哭泣\ncan not, can not, not, not, not deny 毫无疑问的真相\n来吧 托付于我 如同回归一般\n \n能量循环往复 是的 此刻已然失重\n象征性的游行 于此月夜仰望吧 仰望\n‘completeness’\n啊 高举生命之灯\n \nKiLLKiSS judy.., KiLLKiSS jude.., KiLLKiSS juda..,\n瞒天过海\nKiLLKiSS judy.., KiLLKiSS jude.., KiLLKiSS juda..,\n紧抱入怀\n真是毫无防备啊 人在这甜美嬉戏中逐渐崩坏\n真是可笑呢\n \n \n \n'cuz we're all alone\nalone, 倘若咬紧牙关依旧疼痛\n \n高举双手 祈愿吧\noh, when you bleed, 向着行星 是的 延伸阴影\n呐 我的世界正渴望知晓 来吧\nyou bleed, yes, bleed 那血液 若能改写天空的五线谱\ncode ‘KiLLKiSS’ uh..,\n \nKiLLKiSS judy.., KiLLKiSS jude.., KiLLKiSS juda..,\n瞒天过海\nKiLLKiSS judy.., KiLLKiSS jude.., KiLLKiSS juda..,\n紧抱入怀\n多么昭然若揭啊 一切逐渐走向丑陋终局\n真是虚幻啊\n \n是的 就这样 毁坏吧 | O20: KiLLKiSS,Completeness,Ave Música | P20: kk，杀吻，op
A21: Georgette Me, Georgette You | B21: Georgette Me, Georgette You | C21: 『BanG Dream! Ave Mujica』#1～#3 电影院先行上映 | D21: 2024 | E21: 45653 | F21: images/GMGY.webp | G21: Original | H21: Diggy-MO' | I21: 松坂康司（SUPA LOVE） | J21: 松坂康司（SUPA LOVE） | K21: リスアニ!LIVE 2025 SATURDAY STAGE | L21: https://www.bilibili.com/bangumi/play/ep1365126 | M21: 白銀の糸を伝い 想い 手繰り寄せてた\nその果てで妊る月 抱きしめたなら\n \n待っているの 太陽から夜が堕ちてくるのを\nねぇ その果てで満たしてよ 届く気がするの\n \nもつれたまま 踊る Georgette Me, Georgette You まわる\n痛むほどに ほら 煌めくドレスを纏いながら\n \neverlastin’ ever.. darlin’ ever, ever.. 締め付けて again\neverlastin’ ever.. 離れぬように ever, ever, ever..\n\n\n\n縛るものはなに？ それは 誰かの遠い祈り\nああ 最初から知っていたわ 許されないこと\n \n愛せぬまま 踊る Georgette Me, Georgette You is that true?\nあなたが触れたわ この傷口に\n\n\n\nもつれたまま 踊る Georgette Me, Georgette You まわる\nこのまま このままでいさせて\n\n\n\n愛せぬまま 踊る Georgette Me, Georgette You is that true?\n痛みは光ね 煌めくドレスを纏いながら\n \neverlastin’ ever.. darlin’ ever, ever.. 締め付けて again\neverlastin’ ever.. 離れぬように ever, ever, ever.. | N21: 沿着白银的丝线 将思念牵至身边\n在那尽头所孕育的月 若能将它拥入怀中\n \n等待着 夜晚从太阳坠落\n啊 在那尽头将我满足 思绪仿佛能够传达\n \n缠绵不清 翩翩起舞 Georgette Me, Georgette You 旋转不停\n越是痛苦不已 看啊 身缠礼服愈加闪耀\n \n直到永远…亲爱的 永远永远…再次将你我紧缚\n直到永远…为了永不分离 永远 永远 永远…\n\n\n\n束缚我们的是什么？是某人遥远的祈祷\n啊啊 最初我便知晓 这是不被允许之事\n \n无法相爱 翩翩起舞 Georgette Me, Georgette You 这是否真实？\n是你触碰到了啊 这处伤口\n\n\n\n缠绵不清 翩翩起舞 Georgette Me, Georgette You 旋转不停\n就这样 就让我们一直这样下去\n\n\n\n无法相爱 翩翩起舞 Georgette Me, Georgette You 这便是真实？\n痛苦是光明呢 看啊 身缠礼服闪耀至此\n \n直到永远…亲爱的 永远 永远…再次将你我紧缚\n直到永远…为了永不分离 永远 永远 永远… | O21: KiLLKiSS,Completeness,Ave Música | P21: GMGY,ed，缠你缠我
A22: DIVINE | B22: DIVINE | C22: 游戏『PROGRESS ORDERS』OP Moive公开 | D22: 2025 | E22: 45674 | F22: images/DIVINE.webp | G22: Original | H22: Diggy-MO' | I22: 高橋涼 (SUPA LOVE) • Diggy-MO' | J22: 高橋涼 (SUPA LOVE) | K22: Ave Mujica 5th LIVE「Nova Historia」DAY1 | L22: https://www.bilibili.com/video/BV1EvcdenE9h | M22: さやめく光は 夢見る悪魔か\n遠き予言者なのか\n仕掛けられたアレゴリーが動き出したこの宙（そら）\nエレメンタル覗くのは\n \n天球の Blue World そこに生きる者 \n冒険者よ 共にゆこう さあ いざ\n \nその眼が捕える その眼が創る その眼が愛する 時代（とき）よ\n謎めくは運命（さだめ） いま 変えてゆくのさ\n \nDIVINE DIVINE 闇夜を貫く眩い Vision（未来）へ\n輝ける新たな真実を描いて\n \n \n \nささやかなことから始まる破滅が\n人を悲哀へと\n狂おしいほど疲れ切った魂を蝕むあからさまな現実よ\n \n境目の Cruel World そこに生きる者\nなにもかもが正しくなくてもいい\n \nその瞳に惹かれる その瞳に歌う その瞳に見つめる 君よ\n同じ悲しみに いま 寄り添いたい\n \nDIVINE DIVINE震える想い 張り裂けそうで\nああ 忘れないで 本当の心だけ抱きしめて\n \n \n \nDIVINE, so DIVINE\n \n \n \n歴史の狭間 揺れる世界で 寂しさが人を繋ぐのかもしれない\nぬくもりの中で また 汚れた\n生きてゆくため そう そのために 理由が 答えが 欲しいのか 何故\n嗚呼 蒼き熱情よ\nならば ならば 教えてくれ\n \n \n \nその眼が捕える その眼が創る その眼が愛する 時代（とき）よ\n謎めくは運命（さだめ） いま 変えてゆくのさ\n \nDIVINE DIVINE闇夜を貫く眩い Vision（未来）へ\n輝ける新たな真実を描いて | N22: 沙沙低语的光芒 是做梦的恶魔吗\n还是遥远的预言者呢\n这片天空中 被布置好的寓言开始运转\n窥视着元素的是\n \n天球之上的 Blue World 生活于其中的人们\n冒险者啊 一起前行吧 来吧 出发\n \n那双眼所捕捉 那双眼所创造 那双眼所爱的 时代啊\n神秘莫测的正是命运 此刻 逐渐改变\n \nDIVINE DIVINE 向着那贯穿暗夜的耀眼 Vision（未来）\n描绘那闪耀的崭新真实\n \n \n \n从微不足道之事开始的毁灭\n将人引向悲哀\n侵蚀着疲惫得近乎疯狂的灵魂的赤裸裸的现实啊\n \n边界上的 Cruel World 生活于其中的人们\n一切即便都不正确也无妨\n \n被那双眼吸引 向那双眼歌唱 凝望那双眼的 你啊\n想要在此刻 依偎于同样的悲伤\n \nDIVINE DIVINE 颤抖的思念几近迸裂\n啊 请不要忘记 只拥抱那颗真正的心\n \n \n \nDIVINE, so DIVINE\n \n \n \n在历史的夹缝中 摇荡的世界里 也许是寂寞将人们相连\n在温暖之中 又染上了污秽\n为了活下去 是的 正因如此 才想要理由 想要答案吗 为何\n啊啊 苍蓝的热情啊\n那么 那么 请告诉我\n \n \n \n那双眼所捕捉 那双眼所创造 那双眼所爱的 时代啊\n命运正是神秘莫测 此刻 逐渐改变\n \nDIVINE DIVINE 向着那贯穿暗夜的耀眼 Vision（未来）\n描绘那闪耀的崭新真实 | O22: Ave Música | P22: 迪歪，神圣
A23: Imprisoned XII | B23: Imprisoned XII | C23: 『BanG Dream! Ave Mujica』#10 插入曲 | D23: 2025 | E23: 45722 | F23: images/囚12.webp | G23: Original | H23: Diggy-MO' | I23: 松坂康司（SUPA LOVE） | J23: 松坂康司（SUPA LOVE） | K23: MyGO!!!!!×Ave Mujica 合同ライブ「わかれ道の、その先へ」DAY1 : Petrichor | L23: https://www.bilibili.com/video/BV1Ep91YPEQo | M23: ねじれた空を描いて思うの 羽根のない君 堕ちればいい\n触れてしまった神聖なもの 今夜 私の神話になって\n \nほら 逃げられないわ 弱っていく君 閉じ込めて\n \nyou know i want... i want... i want... i want you so, i want...\nいなければよかったのに なぜ\nyou know... you know... you know... you know i want you to know how much i need you so,\nいま 狂おしいほど\n \n \n \nわかってるの でも いまは密やかに 奇妙な時間をただ君と\n冷たいこの手で 愛すべきもの 葬る私を受け入れて\n \n危きこころの壁に 忍ぶは理不尽な夢\n \ni say, you're mine... you're mine... ほら すぐそこにいるのに\n \n叶わない それでも i want... i want... i want you so, i want...\n想い出なんていらない だから\nyou know... you know... you know... so, you know i want you to know how much i need you so\nいま 狂おしいほど | N23: 描绘扭曲天空 我不禁遐想 没有羽翼的你 就这样坠落吧\n触碰到了神圣之物 今夜 成为我的神话吧\n \n看吧 你已无路可逃 将逐渐虚弱的你 囚禁起来\n \nyou know i want... i want... i want... i want you so, i want...\n若不存在该多好 为何\nyou know... you know... you know... you know i want you to know how much i need you so,\n此刻我如痴如狂\n \n \n \n我知道的 可是此刻只想悄然与你共度这奇妙时光\n以冰冷的双手 埋葬本该珍爱之物 请接纳这样的我吧\n \n摇摇欲坠的心墙之中 潜藏着荒诞的梦\n \ni say, you're mine... you're mine... 看吧 明明近在咫尺\n \n无法实现 纵使如此 i want... i want... i want you so, i want...\n我不需要什么回忆 所以……\nyou know... you know... you know... so, you know i want you to know how much i need you so\n此刻我如痴如狂 | O23: Completeness,Ave Música | P23: 囚禁，监禁，囚12
A24: Crucifix X | B24: Crucifix X | C24: 『BanG Dream! Ave Mujica』#10 插入曲 | D24: 2025 | E24: 45722 | F24: images/十字架.webp | G24: Original | H24: Diggy-MO' | I24: o-saka(SUPA LOVE) • Diggy-MO' | J24: o-saka(SUPA LOVE) | K24: MyGO!!!!!×Ave Mujica 合同ライブ「わかれ道の、その先へ」DAY1 : Petrichor | L24: https://www.bilibili.com/video/BV1iEQ6YCECx | M24: あぁ 私を辱めたあなたのメロディは いまだ猛り狂うのか\n \n戦慄のカテドラル 抗う心臓\n焼けてゆく後ろ髪のないフォルトゥーナ\n \nstill alive 命の歯車が so, still alive 回り出す\n振り切る己をゆく\nstill alive? ロゴスの誘いは so, still alive? まだ見えない\n汚れてく異教徒たちの涙\n \n \n \n[face] so, we got to face this [face] we got to face\n[face] 繰り返す 疎外 虚勢 絶望 鎮まらぬ魂 人は何故\n \nstill alive 誰かの歯車が so, still alive 狂い出す\n忌まわしい鐘楼が鳴る\nstill alive? ‘来るべき世界’は so, still alive? 求めている\n処刑台の終わりなき犠牲者\n \n \n \nnever die 歴史の血の河を i never die 掻い潜り\n彷徨える 我が十字架\n \n \n \nstill alive 命の歯車が so, still alive 回り出す\n振り切る己をゆく\nstill alive? ロゴスの誘いは so, still alive? まだ見えない\n汚れてく異教徒たちの涙\n月の下 顔のないマリア | N24: 啊 那曾羞辱我的 你的旋律 如今仍在狂暴肆虐吗？\n \n战栗的大教堂 抗争的心脏\n逐渐燃烧没有后发的福尔图娜\n \nstill alive 生命的齿轮 so, still alive 开始转动\n挣脱桎梏贯彻自我\nstill alive? 逻各斯的诱惑 so, still alive? 仍不可见\n逐渐污浊 异教徒们的眼泪\n \n \n \n[face] so, we got to face this [face] we got to face\n[face] 不断重复 异化 逞强 绝望 不得安宁的灵魂 人究竟为何\n \nstill alive 谁人的齿轮 so, still alive 开始疯狂\n不祥的钟楼鸣响\nstill alive? “应至的世界” so, still alive? 正在渴求\n处刑台上 无穷无尽的牺牲者\n \n \n \nnever die 历史的血河 i never die 穿行而过\n彷徨流浪的 我的十字架\n \n \n \nstill alive 生命的齿轮 so, still alive 开始转动\n挣脱桎梏贯彻自我\nstill alive? 逻各斯的诱惑 so, still alive? 仍不可见\n逐渐污浊 异教徒们的眼泪\n月亮之下 无面的玛利亚 | O24: Completeness | P24: 十字架
... A31: The Whole Blue World | B31: The Whole Blue World | C31: Best Album「Ave Música」 | D31: 2026 | E31: 46190 | F31: images/精选通常.webp | G31: Original | H31: Diggy-MO' | I31: Diggy-MO' • 植木建象(SPAWN Inc.) | J31: Diggy-MO' | K31: Coming Soon… | L31: https://www.bilibili.com/video/BV18LjB6eEYm | M31: 風よ 空よ 海よ 隙間に滑り込め\n星よ 時代（とき）よ 真実（ひかり）よ 眼差しの奥で\n \n燃えゆく命 駆け抜ける短さに\n嘲う世界 闇を暴け\n \nBlue, Blue, Blue World The Whole Blue World\n砕け散ってゆく夢 ぼくら晒されて\n震える夜を越え いま儚く消えた声\n \n \n \n何故に 何故に こんなに届かない 苛立ち\n足りない 足りない 言葉じゃ こんなんじゃ感じない\n \nyour head up... stand up...\n神のいないこの天（そら）\n \nBlue,Blue,Blue World So Cruel World\n立ち向かってゆく ぼくら約束の果て\n美しい夜を越え さあ\n \n \n \n確かなもの探していた 打ちひしがれて\n運命を切り拓け\n受け入れられないものを変えてゆけると\n信じたいのに…信じたいのに…\n信じていたのに\n \n \n \nclose to you\nただ終わりへと向かってゆくだけのその哀しみに\n震える君を抱きしめ\n \n追いかける\nBlue,Blue,Blue World The Whole Blue World\n砕け散ってゆく夢 ぼくらそのままで\n震える夜を越え 嗚呼\nいま | N31: 风啊 天空啊 大海啊 滑入缝隙之中吧\n星啊 时光啊 真实（光）啊 在眼神深处\n \n持续燃烧的生命 在飞驰而过的短暂中\n嗤笑着的世界 揭露黑暗吧\n \nBlue, Blue, Blue World The Whole Blue World\n逐渐破碎的梦 我们暴露其中\n越过颤抖的夜 此刻虚幻消失的声音\n \n \n \n为何 为何 如此无法传达 焦躁\n不够 不够 仅凭语言 这样根本感受不到\n \nyour head up... stand up...\n没有神明的这片天空\n \nBlue, Blue, Blue World So Cruel World\n挺身面对 向我们约定的尽头\n穿越美丽的黑夜 来吧\n \n \n \n寻找着确切之物 却深受打击\n开辟命运吧\n相信能改变无法接受之事\n明明想要相信…明明想要相信…\n明明曾经相信\n \n \n \nclose to you\n在那份只是逐渐走向终结的哀伤中\n抱紧颤抖的你\n \n追逐\nBlue, Blue, Blue World The Whole Blue World\n逐渐破碎的梦 我们就这样 \n越过颤抖的夜晚 啊啊\n此刻 | O31: Ave Música | P31: 蓝世界，姨妈
A32: A Cruel Angel's Thesis | B32: 残酷な天使のテーゼ | C32: Digital Single | D32: 2026 | E32: 46256 | F32: images/残纲.webp | G32: Cover | H32: 及川眠子 | I32: 佐藤英敏 | J32: 植木建象 • 冬真 | L32: https://www.bilibili.com/video/BV1X58m6AENA | M32: 残酷な天使のように 少年よ神話になれ\n蒼い風がいま 胸のドアを叩いても\n私だけをただ見つめて微笑んでるあなた\nそっとふれるもの もとめることに夢中で\n運命さえまだ知らない いたいけな瞳\nだけどいつか気付くでしょう その背中には\n遥か未来めざすための羽根があること\n残酷な天使のテーゼ 窓辺からやがて飛び立つ\nほとばしる熱いパトスで 思い出を裏切るなら\nこの宇宙（そら）を抱いて輝く 少年よ神話になれ\nずっと眠ってる 私の愛の揺りかご\nあなただけが 夢の使者に呼ばれる朝がくる中\n細い首筋を 月あかりが映してる\n世界中の時を止めて 閉じこめたいけど\nもしもふたり逢えたことに 意味があるなら\n私はそう 自由を知るためのバイブル\n残酷な天使のテーゼ 悲しみがそしてはじまる\n抱きしめた命のかたち その夢に目覚めたとき\n誰よりも光を放つ 少年よ 神話になれ\n人は愛をつむぎながら 歴史をつくる\n女神なんてなれないまま 私は生きる\n残酷な天使のテーゼ 窓辺からやがて飛び立つ\nほとばしる熱いパトスで 思い出を裏切るなら\nこの宇宙（そら）を抱いて輝く 少年よ神話になれ | N32: 就像那残酷的天使 少年啊 成为神话吧\n在此刻 苍蓝的风 轻轻敲击着我的心\n但你只凝视我 对我微笑\n指尖的轻触 为之执着 为之痴狂\n连那命运也未曾谋面的 稚嫩双眸\n不过总有一天会发觉 就在你背上\n有那为了前往遥远未来而生的羽翼\n残酷天使的行动纲领 旋即从窗边飞出\n若以那迸发的炽热之情 连回忆也一同背叛\n拥抱宇宙 放射光芒 少年啊 成为神话吧\n我那爱的摇篮 一直在沉睡\n有一个清晨 梦之使者会只将你呼唤\n月光映着你纤细的颈\n我多想停止全世界的时间，将你封存于沉眠之中\n如果说我们两人的相逢 有某种意义\n那么我就是那本这样了解“自由”的圣经\n残酷天使的行动纲领 悲伤自此开始\n紧拥的生命形状 自那梦中醒来时\n放射最耀眼的耀眼光芒 少年啊 变成神话吧\n人类一边编制爱 一边创造历史\n依然不能成为女神的我 就这样生存着\n残酷天使的行动纲领 旋即从窗边飞出\n若以那迸发的炽热之情 连回忆也一同背叛\n拥抱宇宙 放射光芒 少年啊 成为神话吧 | P32: 残纲，eva
A33: Fatal | B33: ファタール | C33: Digital Single | D33: 2026 | E33: 46293 | F33: images/fatal.webp | G33: Cover | H33: キタニタツヤ | I33: キタニタツヤ | J33: 植木建象 • 加藤貴之 | M33: また夢から覚める、濡れた瞼を開ける\n狂おしいほど思い残す、遠い日の無力さを呪う\n身を焼かれるような絶望も糧にはなろうか\n憧れに焦がれるまま燃やし続けている\nキラキラお星様宿したあなたのeyes\nカラカラ渇いて可哀想なlack of 愛？\n全てを孤独から救う眩しい光\n僕にだけ落ちる影はあなたのせい？\n致命的な欠落をくれたね\n身勝手な巨星、狂わされた生\nお願い、声を聞かせて、声を聞かせて\n絡まって歪んでしまった傷さえ\nくれたのはあなただけ、あなただけ\nお願い、僕を見ていて、僕を見ていて\n宿命に刻まれた痛みさえ武器にして\nいつかの後悔すら照らせるように\nあなたがいないと生きていけない\n何もかも捧げてしまってもいい\nあなたの愛がまだ足らない\n欠けたものは何で埋めたらいい？\n致命的、致命的、致命的な愛\n運命的、運命的、運命的なI\n必然的、必然的、必然的な哀\n僕を見ていてね、最愛のファタール！\nキラキラお星様宿したあなたのeyes\nカラカラ渇いて可哀想なlack of 愛？\n遥か彼方から放たれた美しさに\n灼かれた眼、もがれた羽根、創造的堕天\nあらゆる視界をジャック\nその輝きはエゴイスティック\n胸の奥仕舞った感情さえ\n引っ張り出して昇華して\n僕という運命を全部抱きしめていく\nあなたがいないと生きていけない\n眩しさでこの身を照らして欲しい\nあなたの愛がまだ足らない\n夢の中でもらうしかないのに\n致命的、致命的、致命的な愛\n運命的、運命的、運命的なI\n必然的、必然的、必然的な哀\n誰のものでもない、最愛のファタール！\n何度悔やんだだろう\n何度呪っただろう\nどれほどの幸福を注いだとしても\n満たされることのない器\n何度夢見ただろう\n何度願っただろう\n僕の胸で膿み続けている傷を撫でる手を\nこの舞台で足掻くことをやめない\nただ一つのアイに近づきたい\n固く定まったこの宿命\nあの星の光からこぼれた闇\nあなたがいないと生きていけない\n何もかも捧げてしまってもいい\nあなたの愛がまだ足らない\n欠けたものは何で埋めたらいい？\n致命的、致命的、致命的な愛\n運命的、運命的、運命的なI\n必然的、必然的、必然的な哀\n僕を見ていてね、最愛のファタール！\n最愛のファタール | N33: 又再从恶梦中惊醒 硬睁开浸湿的眼睑\n几近令人疯狂的懊悔 咀咒遥远昔日的无力\n连这份宛若烧灼自身的绝望也化为食粮吧\n带着对憧憬的向往不断燃烧自己\n寄宿着闪闪星光的你那eyes\n如饥似渴惹人悲怜的lack of 爱？\n将一切从孤独中拯救的眩目光芒\n只落在我一人身上的阴影是你的错？\n你给予了我致命的缺陷呢\n只顾己私的巨星 脱轨失序的人生\n求求你 让我听听你的声音 让我再听听你的声音\n那些紧缠不清彻底扭曲的伤痕\n为我留下的就只有你，惟独只有你\n求求你 请注视着我 一直注视着我\n甚至连深镂于宿命的悲痛也当作武器\n但愿为曾经的后悔亦耀起一丝光明\n没有你的话我根本活不下去\n即使要献上所有一切我都无所谓\n你予我的爱我还远远不足\n缺口的空虚该用什么来填补？\n致命的、致命的、致命的爱\n命运的、命运的、命运的I\n必然的、必然的、必然的哀\n要一直注视着我呢 我最爱的Fatale！\n寄宿着闪闪星光的你那eyes\n如饥似渴惹人悲怜的lack of 爱？\n被你那从遥远彼方所尽放的美\n烧灼的双瞳 折落的翼羽 创造的堕天\n将眼前视野一切占据夺走\n那道耀眼光辉主张着自我的自负\n甚至连深藏于心底的情感\n亦硬是牵扯出来使其升华\n紧紧拥抱住名为我的命运那所有一切\n没有你的话我根本活不下去\n渴望以你的耀光照亮我的身影\n你予我的爱我还远远不足\n明明只能够在梦中得到\n致命的、致命的、致命的爱\n命运的、命运的、命运的I\n必然的、必然的、必然的哀\n不属于任何一个人 我最爱的Fatale！\n已经悔恨过无数次了吧\n已经咀咒过无数遍了吧\n哪怕注入再多的幸福\n都无法被填满的容器\n已经梦到过无数次了吧\n已经许愿过无数遍了吧\n对我伸出能抚慰 我内心持断溃烂化脓伤口的手\n我绝不会放弃在此舞台上挣扎\n只盼更接近那一道爱的身影\n这既已尘埃落定的宿命\n自那道星光涌溢而出的黑暗\n没有你的话我根本活不下去\n即使要献上所有一切我都无所谓\n你予我的爱我还远远不足\n缺口的空虚该用什么来填补？\n致命的、致命的、致命的爱\n命运的、命运的、命运的I\n必然的、必然的、必然的哀\n要一直注视着我呢 我最爱的Fatale！\n我最爱的Fatale | P33: 推子
A34: A Song Of Romance | B34: A Song Of Romance | C34: Digital Single | D34: 2026 | E34: 46279 | F34: images/神名限定cover.webp | G34: Original | H34: Diggy-MO' | I34: Diggy-MO’ • ÐIK | J34: Diggy-MO’ | K34: Coming Soon… | M34: ざわめく海 哀しい幻\n堕ちるように昇ってゆく愛 still burnin’\n鮮やかな闇を描くこの天(そら)に\nまた わたしの吐息を許すのなら\n巡り巡る星よ\n時代(とき)の波間に来て\n生まれ変わって もういちど\nさあ わたしの傷口にキスをして\nloneliness, loneliness, baby, let me hear you\nso, let me hear you sing ‘A Song Of Romance’\nloneliness, baby, let me hear you\nplease, let me hear you sing ‘A Song Of Romance’\nキスをして さあ 癒して キスをして\n甦れば\n真実に近づけると believe\nまた自由に 自由になれると still dreamin’\n追憶の君を辿れば わたしも同じなの\n理解(わか)ってあげられたはずなのに\n揺れる揺れる星を\nそっと 抱き寄せて\n孤独をただ分け合うように\nそうね きっとみんな寂しいのね\nwho am i…\noh, who am i…\nalienation, emptiness,\nfrom despair to where…\nhappiness, loneliness,\nbeyond, beyond,\n巡り巡る星よ\n時代(とき)の波間に来て\n生まれ変わって もういちど\n君に出逢えたなら\n傷だらけの星を\nそっと 抱き寄せて\n孤独をただ分け合うように\n赤裸々に\n…sing ‘A Song Of Romance’\nloneliness, baby, let me hear you\nplease, let me hear you sing ‘A Song Of Romance’ | N34: 喧嚣翻涌的海 悲伤的幻影\n如坠落般不断升腾的爱 still burnin’\n描绘鲜明黑暗的这片天空中\n若能再次容许我的呼吸\n轮回运转的星啊\n来到时光的波涛间\n重获新生 再一次\n来吧 亲吻我的伤口\nloneliness, loneliness, baby, let me hear you\nso, let me hear you sing ‘A Song Of Romance’\nloneliness, baby, let me hear you\nplease, let me hear you sing ‘A Song Of Romance’\n亲吻我 来吧 治愈我 亲吻我\n若能复苏\n就能接近真实 believe\n就能再次自由 变得自由 still dreamin’\n追寻记忆中的你 我也是一样啊\n明明本应能理解你\n将那摇曳不定的星\n轻轻地拥入怀中\n仿佛只是在彼此分担孤独\n是啊 想必大家都很寂寞\nwho am i…\noh, who am i…\nalienation, emptiness,\nfrom despair to where…\nhappiness, loneliness,\nbeyond, beyond,\n轮回运转的星啊\n来到时光的波涛间\n重获新生 再一次\n若能与你相遇\n将那伤痕累累的星\n轻轻地拥入怀中\n仿佛只是在彼此分担孤独\n无遮无掩地\n…sing ‘A Song Of Romance’\nloneliness, baby, let me hear you\nplease, let me hear you sing ‘A Song Of Romance’ | O34: 神の名を | P34: 浪漫，电影

Sheet song_comments
A1: song_name | B1: comment_text | C1: comment_source | D1: comment_from | E1: comment_date
A2: Georgette Me, Georgette You | B2: 我一边想着，如果能将被戏剧化的情感故事比作白银色的乔其纱（Georgette）来表现就好了，一边写下了这首歌。\n 此外，关于频频登场的“月”，以及其所比喻的对象，我也希望能在各种各样的乐曲中运用它，带来不同的想象。\n 在这首歌里，我尤其像描绘一幅美丽的画作那样，一字一句地精心编织。\n “拒绝之事” “接纳之事” \n 人，在“人生的旋转舞台”上不停地扮演着自己。有时甚至会活成并非自己的另一个人。\n 我也希望能够表达出这样一种内涵：“在内心的某个地方，我们都知道存在着一种无法控制的、引导着我们的命运。”\n 真的非常不可思议，人总是同时兼容着相互矛盾的事物。\n 重要的是“微妙”这一点。也就是说，“细腻到令人害怕”。 \n 作为与以往作品的共同项，我在第二段歌词中也加入了隐约让人联想到宗教背景的语句。\n 随之而来的转折点。\n 在人生的各种意义上，都可以认为在“丧失”之后，才是“真正的开始”。 \n 「あなたが触れたわ この傷口に」\n “是你触碰到了啊 这处伤口” \n 如果将其理解为：各种各样的事情逐渐变得明晰，在不断蔓延的悲伤中逐渐懂得人生。那么，那重重交织闪耀着的光芒同时既是痛苦，而黑暗的深邃则让那光芒绽放出更加耀眼的光彩。\n 这是一首纯粹执着于“语言描写”的歌曲。\n 此外，这首歌在构建与动画不同的“独立性”过程中，也采用了这样一种形式：既表现人拼命延续生命的美，又同时带有可以解读为恋爱中关系性表达的一面。 | C2: Ave Mujica Sound Producer Diggy-MO' Completeness解说 | D2: Diggy-MO' | E2: 45744
A3: Symbol III : Water | B3: 我在副歌的乐句中加入了“波浪”这一意象，它也是司掌水的精灵“温蒂妮”的语源。 将“月亮”与“地球”相对比，以超然达观的视角进行了唯美的刻画，同时，也是因为我想要描绘出一个具有官能美的世界观。\n 我刻意引入了处于对立面的阳性特质“火”，以此来反衬阴性特质“水”的神秘，使其更为深邃、宏大。\n 内容上，\n 最初我构建了一个从“月之使者降临此大地”开始的故事。\n 我将这个“月之使者”设定成了，比如高维度的存在，掌管着阴性宫位～，诸如此类的感觉。\n 对于高次元的存在而言，人类的历史不过是转瞬即逝的一瞬。\n 于是，她俯视着这个地上——即三维的“Human Race”（人类种族），并将自己曾经历过的那些故事，如同追溯种种回忆一般，由她本人作为“讲述者”亲自道来，我是这样设定的。\n 此外，歌词中也包含了很多跨越时代前后的复合元素，例如我运用了克里姆特“爱欲与死亡共存”这种偏近代的艺术概念，或者也融入了塔罗牌牌组所展现的那种联想空间。 通过探索这些不同主题的组合，或许能进一步升华为Ave Mujica式的格调，那便是我的期望。\n 我特意放入“欲望”、“紧张”、或者是“大宇宙”这样直白露骨的词汇，也是出于这一目的。\n 阴性特质将阳性特质包容进去，形成一种宏大的感觉。\n 在表达“两性交融”这一直接含义的同时，另一方面，我也将宗教的根源作为多层面的概念融入其中。\n 阳性宫位之火的“△”与阴性宫位之水的“▽”重合，就会变成“六芒星”的符号，而这正意味着“大宇宙”，因此在第一段副歌中，我试图表达这种宇宙的完满性因果与秩序。\n 而在最后的部分，我的期望是，最终不去描绘那种“大宇宙”般不可估量的宏大事物，而是珍重地描绘活在此刻“生命”中的“最微小的世界”。为了让听众能感受到这一点，我在结尾处忽然将视角拉回，只是从地上仰望这片“天空”。于是，支线故事包含着“生命赞歌”的含义，而我这首歌想要表达的本质依旧是“爱之歌”。 | C3: Ave Mujica Sound Producer Diggy-MO'访谈 & Elements概念解析 | D3: Diggy-MO' | E3: 45567
A4: Sophie | B4: ——「Sophie」是基于怎样的概念开始制作的？\n我想到了“唯物主义”这个概念，所以一边以萨德侯爵的《美德的不幸》为母题（Motif），一边将其投射到Ave Mujica的世界观中。我也引入了情色主义（Eroticism）的要素，截取了原本的人性得到释放、赤裸裸的残酷瞬间。另外，作为暗线主题，我还追溯时代，复合地融合了将诺斯替主义（Gnosticism）的宇宙观、神话及宗教背景等。\n——具体是以怎样的意象进行拓展的呢？\n我认为如果做一些诸如价值观或道德观念瓦解这种彻底崩塌的意象，能够引发出她们与以往不同的魅力。我将其比作现代社会的构图，在不损品格的前提下，引入处于极限边缘的表现形式并使其具象化。其实对我来说，这并不是什么罕见的切入点，但我认为，向一般的音乐受众展示这种表现形式的普遍性，也是一个重要的机会。我将猎奇、无神论等脑海中的意象进行各种组合，以此煽动那种生猛感。\n——钢琴的音色非常优美，请问使用的是什么？如果是软件音源的话请告诉我们音色名称。\n是NATIVE INSTRUMENTS Kontakt的Alicia's Keys。因为挂了几个效果器，所以可能听起来和原本的音色相去甚远。\n——关于弦乐编曲，是从编制开始构建的吗？\n这首歌的编制是以四重奏来组建的。不出所料这部分也是和人声主旋律以及其他乐器的合奏同步制作的。感觉就像是将脑海中听到的旋律和复调（Counter）乐句，在各自通道上用MIDI写成乐谱。因为这个乐队也有钢琴，所以需要一边弹钢琴一边将所有内容包含在内进行编曲。\n——具体的作业是如何进行的呢？\n基本上是先在四重奏的各个通道上制作相互交织的乐句。有时也会像常规手法那样，先在一个通道上把音源设为弦乐整体的组合，一边先决定大概的轮廓，也有这样的情况。在具体区分制作时，虽然令人印象深刻的乐句主要由第一小提琴担任的情况很多，但在一些细小的声部或段落中，当然也有很多情况会让大提琴或中提琴来承担这一角色。这方面我也在仔细斟酌合奏中交织乐句的机能美。我的目标是既能让主唱突显出来，又能留下“弦乐和钢琴很帅气的曲子”这一印象的、行之有效的精心制作。\n——请教一下使用的音源和效果器。\n音源选择了VIENNA SYMPHONIC LIBRARY。在通过编程还原弦乐时，我会仔细选择表情控制、音量写入以及演奏法，来打磨细腻的表现。在效果处理方面，通常管弦乐等的弦乐不会加太多压缩，但在流行乐的情况下，我会使用磁带系的效果器，在不破坏抑扬顿挫的程度内微量增加并进行处理。\n——感觉面向结尾的高潮部分紧紧抓住了人心。你是如何考量并构建这种展开的呢？\n无论创作什么歌曲，我都都会下功夫维持紧张感。我认为这也算是某种关于如何捕捉“意外性”的部分。在这首歌里，因为我认为特别是必须要将紧迫感一直煽动到最后，所以一边计算着主唱人声最终到达的表现境界，一边在最后的一个大段落里整个引入机关，构建出令人提心吊胆的结构。 | C4: Sound ＆ Recording 2026.02 | D4: Diggy-MO' | E4: 46054
A5: Sophie | B5: ──「Sophie」真的是一首只有佐佐木小姐才能驾驭的曲子……总而言之，我感到非常震惊。是一首极其厉害的歌。\n佐佐木：我也从来没有唱过这样的歌。必须全身心投入，以至于在演唱过程中甚至像是失去了记忆，不彻底沉浸进去就唱不出来。当时已经完全进入了心流状态……该怎么形容呢，感觉脑细胞在被逐渐破坏，血管都快要爆裂了一样。根本无法用普通的方式去演唱。\n ──「Sophie」的歌词我最初拜读的时候也受到了极大的冲击，甚至有点不知道该如何去形容。\n佐佐木：真的呢。这是一首只有 Ave Mujica 才能做到的曲子吧。能够被委以重任演唱这样的歌我感到很荣幸，而且乐器部分的编排也非常厉害。一般来说，这种曲子是不会突然让给别人唱的。所以，这也激发了我们“大干一场吧！”的斗志。我非常开心。\n ──刚拿到这首曲子的时候，您最直观的想法是什么？\n佐佐木：首先我觉得“这根本不是在唱歌”。这是呐喊……灵魂的尖叫。但是，我想把这种“尖叫”一直贯彻到最后。毕竟这首曲子传达的就是这样的东西。我在参考Demo的同时，也想唱出自己心中描绘的「Sophie」，所以里面也有我完全改变了原本唱法的部分。比如第2段主歌之后的尖叫。我觉得这里应该可以自由发挥，所以就没有和大家商量直接尝试了一次，结果就被采用了。\n ──是〈material, material,〉那一段对吧。令人印象非常深刻。\n佐佐木：那一段我听都想问“这到底是谁在唱啊”……我的记忆就是缺失到了那种程度。唱歌的时候，我好像在用力抓挠自己的身体，回家的路上觉得身上疼，一看才惊讶地发现满是抓痕。我当时就想，“原来被歌曲附身演唱就是这种感觉啊”（苦笑）。\n ──甚至连这个小插曲都跟这首曲子无比契合呢。我很迷茫，不知道应该怎么说才好，像是被袭击了，但又仿佛是被引诱了……\n佐佐木：是啊。感觉像是在歌唱某种“完全没有道理可言之事”，但也可以理解为在“享受这种不公”。比如那句“真的好讨厌”（ほんとヤダ），到底是不是真的在抗拒呢。\n ──确实是这样。在不断重复〈真的好讨厌〉的过程中，语气和情感也发生了变化，这点也引人深思。\n佐佐木：感觉就像是把那种真实的“动摇”原封不动地塞了进去。我觉得在最后选用的音轨里，也有制作团队刻意保留下来的粗糙、未经修饰的部分。我非常喜欢最后一段副歌里的高音，那里的狂野的爆发力非常棒，还有“引诱我”（誘って）那句稍微残留的换气声，也刻意按原样保留了下来。甚至连叹息声、呜咽声也都原封不动地保留了，希望大家在听的时候也能去享受这些细节。 | C5: https://www.animatetimes.com/news/details.php?id=1765333295&p=3 | D5: 佐佐木李子 | E5: 46002
A6: The Whole Blue World | B6: ——刚才也提到过，作为新曲的「The Whole Blue World」是一首连接了 Ave Mujica 过去与未来的歌曲。 \n佐佐木：是的呢。我觉得 Ave Mujica 给人一种孤高的印象。但是这首歌，感觉像是在歌颂共同坠落的美。看歌词的话，有很多像是“残酷的世界中”、“无法传达的焦躁”、“渐渐粉碎的梦境”、“感受到痛苦”之类的词汇。但在其中，依然有一种“想要切实地触碰你”的感觉。我觉得这部分的氛围和以前稍微有些不同。 歌词中出现了“我们”（僕ら）这个词，也让我印象非常深刻。应该说是一种选择一起受伤害的细腻感吗，其中也还有“明明想要去相信”的纠结和动摇的部分，我非常喜欢。带着这种动摇仍要继续前进的感觉，我觉得非常有 Ave Mujica 的风格。我是绷紧了神经，全神贯注地去演唱这首歌的。\n冈田：我有个单纯的疑问，在录音的时候，你不会“哇——”地一下情绪失控吗？（笑）\n 佐佐木：虽然不会“哇——”地叫出来（笑），但确实有一种自己正在坠入黑暗的感觉。在之前的采访中我也提到过，在唱「Sophie」的时候，回过神来发现手上全是伤痕，我应该是下意识地用力攥紧了手，在“真的好讨厌”“真的好讨厌”（ほんとヤダ）那里。就是这样，贴近着歌词的情感去演唱的。 这首歌也是，感觉像是让内心静静地沸腾起来。我会一边想象着那种包含着心中的焦躁、痛苦和软弱，却依然要继续前行的感觉，一边去演唱。\n——「The Whole Blue World」里的“Blue World”，让人既能感受到清澈的蓝，也能感受到那种仿佛要深深沉沦下去的蓝。\n佐佐木：确实，感觉它不仅仅是一个普通的蓝色世界。在其中既能感觉到充满透明感的蓝，也能感觉到深邃的蓝。非常有Ave Mujica的风格。我觉得Ave Mujica不仅仅是有攻击性，那种细腻而优雅的部分也是 Ave Mujica 的一部分。我认为这首歌是一首能够同时体会到这两面的歌曲。\n 冈田：真是一种不可思议的平衡呢。和声也录制了非常多的版本。Ave Mujica的歌曲，都是由 Diggy-MO' 先生来录制Demo的。听到Diggy-MO'先生的演唱，我们也能明确地明白“这首歌想要呈现出怎样的感觉”。而且，我能听出来李子亲并没有完全仿照，而是很好地将其升华为Doloris的风格来演唱。这点每次都让我很感动。其他的歌曲中，强调沉重感的曲子比较多，但这首歌相对来说，让我感受到了深沉感。\n 佐佐木：我确实是有意识地在表现这种深沉感！而且，也刻意去表现了那种带着冰冷感的蓝。并不是粗暴地去击打，而是那种优美地夺走你呼吸的感觉，你能体会到这一层我真的很高兴。 \n冈田：太棒了！ | C6: https://www.animatetimes.com/news/details.php?id=1781597468&p=2 | D6: 佐佐木李子&冈田梦以
A7: in your blue eyes | B7: 明日方舟 Side Story 「无忧梦呓」 联动曲 | D7: Tie-up
A8: Black Birthday | B8: Debut track | D8: Remark
A9: Two Moons | B9: ——初华和祥子，换句话说也就是 Doloris 和 Oblivionis，在演唱会上也有很多像「双月 ~Deep Into The Forest~」和「Symbol III : ▽」这样成对出现的演出呢。\n高尾：大家也都非常敏锐地感受到了呢。我每次在演唱会上都会想着“请期待动画！”（笑）\n渡濑：初华从动画的先导预告片时期开始，被截取出来的台词就几乎全都和祥子有关呢。我想大家从那个阶段开始，应该就已经察觉到一些端倪了吧（笑）。 | C9: https://www.lisani.jp/0000274367/4/?show_more=1 | D9: 渡濑结月&高尾奏音
A10: Choir 'S' Choir | B10: 我觉得比较棘手的一首歌是「Choir ‘S’ Choir」。在大家都在踩正拍节奏的时候，唯独贝斯走的是反拍。此外，由于曲速很快、乐句也很细密，实际上在曲子中，我需要不断切换使用下拨和交替拨弦。虽然像这样极具挑战性的曲子有很多，但弹奏「Ave Mujica」总之就是非常开心（笑）。尤其喜欢变成三拍子那一段的乐句。 | C10: https://www.oricon.co.jp/news/2294611/full/ | D10: 冈田梦以
A11: Choir 'S' Choir | B11: ——接下来请谈谈迷你专辑「Alea jacta est」。这张专辑收录了以重型乐器编排打造的硬核金属音效为主轴的共6首歌曲，能请各位说说各自最推的歌曲吗？\n 渡濑：刚才我们也稍微聊到了推的歌曲，当时めいしゃん（冈田）提到的「Choir ‘S’ Choir」我也很喜欢。虽然还不能详细透露，其实Ave Mujica的每首歌都有各自的主题元素（Theme），在看到0th LIVE的演出时，我发现这首歌正是沿着那个主题展开的，就觉得“就是这个！”而感觉很感动。从那以后一下子就喜欢上了。\n 佐佐木：我录音的时候也被告知了每首歌的母题（Motif），是注意着那种意象和世界观去演唱的。歌词里，Diggy-MO’先生独特的措辞和故事之中，也散落着与那个主题相关的关键词，希望大家一定要去考察解读。\n 渡濑：めいしゃん为什么最推「Choir ‘S’ Choir」？\n 冈田：因为这首的贝斯在原创曲里是最难的，跟它较劲的时间也比较长，还有就是我在这首歌里很喜欢李子酱的演唱。我觉得她对声音的运用以及演唱技巧的储备极其丰富，比如还加入了一点嘶吼式的唱法。\n 佐佐木：诶——好开心！不过「Choir ‘S’ Choir」里大家的和声也很多，所以完成得非常华丽呢。\n 冈田：のんたん（高尾）的念白也很棒。\n 高尾：谢谢！其他还有「Mas?uerade Rhapsody Re?uest」里也有念白，祥子在歌曲里就会突然开始说英语（笑）。而且「Choir ‘S’ Choir」里的rap部分还是拉丁语。还有，这个可能谁都没有注意到，在「神さま、バカ」副歌结尾的“神さま、バカ”那里，用耳语声加入了一句“神さま、バカ”的念白，其实那也是我（笑）。\n （中略）\n 米泽：我也推「Choir ‘S’ Choir」。除此之外，「Ave Mujica」是我们最早拿到的歌曲，单纯是听得最多的一首，而且乐队名直接就是歌名，所以觉得这是很能代表我们的歌，感情很深。 | C11: https://www.animatetimes.com/news/details.php?id=1711341820&p=3 | D11: 全员
A12: Choir 'S' Choir | B12: 高尾：（笑）。比如说，「Choir ‘S’ Choir」的话，就是想象着在草原上弹奏的感觉。我会在自己心里变换场景意象来演奏，所以刚才被你说中，吓了一跳。\n 佐佐木：我一直都感觉得到哦！\n 高尾：好厉害！我们心意相通了啊！\n | C12: https://www.animatetimes.com/news/details.php?id=1711341820&p=3 | D12: 佐佐木李子&高尾奏音
A13: Black Birthday | B13: ——感觉还能通宵畅聊呢（笑）。那么，如果要选一首特别有感情的乐曲的话？\n 高尾：真的很难选……我可能会选「黒のバースデイ」。因为它是0th LIVE上第一首演奏的歌曲，演奏的时候会有一种瞬间回到那个时候的感觉。或者说，能让我找回初心。\n 米泽：我懂！有一种穿着黑袍的感觉。\n 渡濑：确实（笑）。对观众来说，如果要说Ave Mujica的代表曲可能会想到「Ave Mujica」，但对我们来说，「黒のバースデイ」才是真正开始的曲子。最早练习的也是这首歌。\n 佐佐木：而且，它也是一首仿佛在为 Mujica 的诞生送上祝福的歌曲。\n | C13: https://www.lisani.jp/0000271996/2/?show_more=1 | D13: 全员
A14: Memento Mori | B14: 高尾：……还有，这个可能谁都没有注意到，在「神さま、バカ」副歌结尾的“神さま、バカ”那里，用耳语声加入了一句“神さま、バカ”的念白，其实那也是我（笑）。\n 佐佐木：这段声音重叠的地方，真的超级戳人\n 高尾：我主推的曲子就是这首「神さま、バカ」，我觉得李子酱的表现力太厉害了！在伴奏安静下来的那段副歌里，是从钢琴独奏过渡到李子酱的歌声。在演唱会或彩排演奏的时候，我一直都是怀着“希望能配合李子酱歌声的抑扬顿挫来弹奏”的想法去练习的。\n 佐佐木：诶——！我正好相反，是一边被弄碳那听起来仿佛快要哭出来的琴音所感染，一边唱出来的哦。\n 高尾：是这样吗？那原来我们一直都是在互相感受着彼此、互相配合着在演奏的呢（笑） | C14: https://www.lisani.jp/0000239390/2/?show_more=1 | D14: 佐佐木李子&高尾奏音①
A15: Memento Mori | B15: ——请用一句话，向大家推荐一下这张迷你专辑的必听之处吧。\n 【高尾】 我在录音时第一次听到那段演唱，就被那种惊人的表现力深深感动了。另外，「神さま、バカ」这首歌也非常棒。在演唱会上弹奏时，我的内心也一直被那歌声所震撼着，所以请大家务必去看看Live的影像，亲自感受一下。 | C15: https://www.oricon.co.jp/news/2294796/full/ | D15: 高尾奏音①
A16: Memento Mori | B16: ——这种羁绊是从什么时候开始感受到的呢？\n 高尾：（看着佐佐木）你觉得是从什么时候开始的？\n 佐佐木：不知为何，我们从一开始关系就很好呢（笑）。 \n高尾：真的是那种“回过神来就……”的感觉。虽然李子亲（佐佐木）是稍微晚一点才加入进来的。\n 佐佐木：让我加入到四个已经打成一片的人当中，一开始真的非常不安……。我也是第一次正儿八经地组乐队，所以事前做了功课去调查“她们都是些什么样的孩子呢？”。\n 高尾：她还在笔记本上把大家的个人资料都写了下来呢。 \n——好厉害！ \n佐佐木：是的。因为实在太期待了。\n 高尾：从我们的角度来看，就会觉得“这么完美契合Ave Mujica中心位置的女孩子只能是李子亲啊！”虽然平时在歌里唱着“神啊，愚蠢”，但心里想的其实是“感谢神明让李子亲来当我们的主唱！”\n 佐佐木：好开心！ | C16: https://www.animatetimes.com/news/details.php?id=1711341102&p=2 | D16: 佐佐木李子&高尾奏音②
A17: Memento Mori | B17: ——以 Ave Mujica 的音乐性来看，嘶吼（Shout）或者死嗓（Growl）等唱法作为其中一种选择也是完全有可能的吧。\n 【佐佐木】我看着成员们的身影时，就会强烈地觉得，这支乐队能成为超越常规的存在。嘶吼也是一种选择，还有比如在「神さま、バカ」这首歌里尝试吊威亚飞天之类的……我连这种天马行空的舞台演出都在幻想着（笑）。在以“Ave Mujica的风格”为大前提的基础上，我想不给自己设限，一边享受一边去创造。 | C17: Ave Mujica、以“不自我设限”的姿态，引领前往“未曾有过的世界” | D17: 佐佐木李子
A18: Memento Mori | B18: ——然后到了2025年，以TV动画『BanG Dream! Ave Mujica』的播出为开端，势不可挡的“Mujica之年”即将拉开帷幕。\n 高尾： 信息量实在是太大了，看一遍根本消化不完呢。我觉得哪怕是至今为止已经发行过的那些歌曲，在看了动画之后，大家对它们的理解和感受也会发生改变。就我个人而言，非常希望大家能在看完动画全篇之后，再去重新听一遍「神さま、バカ」。 | C18: https://www.lisani.jp/0000271996/4/?show_more=1 | D18: 全员②
A19: Mas?uerade Rhapsody Re?uest | B19: ——那「Mas?uerade Rhapsody Re?uest」这首歌呢？\n 冈田：我非常喜欢这种快节奏的歌。而且里面甩头的部分也特别好玩。 \n高尾：甩头确实很好。\n 冈田：感觉粉丝们也一直很期待我们开始甩头的那个环节，我很喜欢这点。\n 佐佐木：之前在 Roselia 的LIVE热场表演这首歌时，我中途停下了甩头，以Doloris的姿态俯视着台下的观众，心里想着“你们也给我甩起来”。真的感觉到了会场合为一体。\n 冈田：这是一首非常适合我们在LIVE上展示演奏魅力的曲子。 | C19: 月刊武士道 2024年2月号 Ave Mujica访谈 | D19: 全员
A20: Mas?uerade Rhapsody Re?uest | B20: ——包括至今为止录制过的歌曲，在录音指导的过程中，有没有哪些瞬间让您获得了新的感悟呢？\n 【佐佐木】 这或许和“感悟”有些不太一样，但「Mas?uerade Rhapsody Re?uest」的录音过程让我印象极深。这首歌在录制完毕、大家正在确认录音音轨的时候，我自己本来也觉得“我已经毫无保留地发挥到极致了”。但是，制作人当时向我提议：“要不要最后再试着唱一遍？”，而我最后榨干所有力气唱出的那个版本，最终被正式采用了。那一刻，我深切地感受到，“Ave Mujica 的乐曲竟然能如此拓宽我自身的可能性”、“说不定我还能突破更多极限呢……” | C20: Ave Mujica、以“不自我设限”的姿态，引领前往“未曾有过的世界” | D20: 佐佐木李子
... A31: Angles | B31: ——虽然不是本作的收录曲，但我感觉「Angles」这首歌中“don't be serious”这句歌词非常具有 Diggy先生的个人风格。在 Ave Mujica 这样具有黑暗世界观的乐队歌词中，编织出带有“放轻松”“别太当真”这种含义的词句，非常有趣。\n 佐佐木：确实会有很多这种“居然在这里用这个词！”的惊喜。我在演唱前，总是会随身带着一本手抄歌词的笔记本。我会查词语的意思，也会把英语的意思写上去……。另外，Diggy 先生有时候会指定换气的位置，一开始我并没有完全理解其中的意图，但在不断练习的过程中，我才发现如果在那个位置换气，听起来会像是在哭泣一样。比如在本作中，「Symbol III : ▽」等歌曲就是这样。我在唱我的solo曲的时候也一定会记笔记，但是写下这么多的笔记，Ave Mujica 还是头一次。关于 Ave Mujica 成员们的情报、以及在 Live 上注意到的事情等等，我也全都记在上面了。 | C31: https://natalie.mu/music/pp/avemujica01/page/2 | D31: 佐佐木李子②
A32: Symbol I : Fire | B32: 首先，这个元素有着“再生”的含义，所以我想以继承此前乐曲共通概念的形式来拉开序幕会比较美，于是便这样起笔了。\n 所以，大家也能从中探寻到它与最开始创作的「黒のバースデイ」、以及描绘破坏与创造的「素晴らしき世界 でも どこにもない場所」「Angles」之间的关联性。\n 各个元素都有对应的精灵存在，其中掌管火的元素精灵是名为“沙罗曼达”的火龙。我当时就想，根据歌曲的不同，不经意地将这些元素融入其中来展开故事。\n 让人切实感受到中世纪欧洲背景的同时，我也想创作一个这样的故事：向那个荒谬世界超越“领域”，以毫不掩饰的正义之怒发起挑战的故事，以及伴随而来的风险、作为代价的牺牲，还有这世间残酷的真相等。\n 这是从“自己即是恶魔”的一面来描绘的。\n 无法指望幸福结局的革命，在某种意义上，叛乱或革命家本身也可以被定义为“恶魔的化身”。\n 我希望能包含这种“一阵见血的视角”来进行揭露。\n 作为故事的支撑，我也将基督教等宗教属性的背景融入其中。\n “超越领域 = 接近神明”，这是一种歪曲真理的行为，因为试图成为神的那种傲慢而被解释为异端，并受到与恶魔同等的审判，所以写下了“渐燃的玫瑰念珠 翻卷的火焰”（焼けてくロザリオ 逆巻く炎）。\n 然而，在各个时代中这种存在与牺牲是必然的，如果直率地看待那份正义，则也会呈现作为“引导者”的一面。\n 只是，如前所述，毕竟还是“更近一步，已然越界”，深知自己就是那样的异端，并且这原本就是有了觉悟才去做的，\n 当审判之日（处刑之日）到来，面对来自死亡世界迎接的使者，说出“来吧，带我走吧”，坦然接受那份死亡。\n 大致就是这种感觉。\n 人总是因为不想失去重要的东西而堕入黑暗。\n 高举着在这个不变的世界中恐怕不会被接受的赤裸正义之剑，连同那愤怒的灵魂一起，察觉到自己成为恶魔的化身的风险，抱着觉悟跃入其中，真相便会在现实之中以近乎残酷的方式，开始转向意想不到的方向。\n 如此一来，“美”也好、“传说”也好，这些东西被创造出来，而世间对这样的东西，只是“旁观”，又或者对那样的事物，卑劣地“欣然地开始蠢动”。\n 我描绘的就是这样一个相当真实的世间景象，其中蕴含着我想传达的信息。\n | C32: Ave Mujica Sound Producer Diggy-MO'访谈 & Elements概念解析 | D32: Diggy-MO' | E32: 45567
A33: Symbol II : Air | B33: 以莎士比亚的《暴风雨》作为构思印象的契机\n 因此，开篇第一句就是“这风 是啊 呼唤着 ‘暴风雨’”（この風が そう ‘嵐’ を呼ぶわ）。\n 在这个故事登场的角色中，有一个名叫“爱丽儿”（Ariel）的西尔芙（空气、风的精灵），她受主人普洛斯彼罗的命令使用各种魔法\n 我把这一类的事情作为全曲最初、最抓人的视觉意象。\n 但同时，这也脱离了原版故事本来的主题和思想性，我将其打造成了一个不同视角的全新故事。\n 描绘了对世间感到厌倦、对自己感到厌倦，在随波逐流的生活中，总是隐隐怀抱有一种违和感，\n 表现出这种自我丧失和虚无感。\n 第二段强调了讽刺元素并不断推进，最后，虽然故事性质不同，但我借用了普洛斯彼罗的台词“这大地上的一切都将消逝”，以提问的形式来收尾。\n 《暴风雨》本身推测应该是一部反映了文艺复兴思想的作品，所以我想，把它作为和欧洲文明背景中相关联的事物来处理，同时又展现不同的展开，也别有一番趣味。\n 因为乐曲是摇摆乐（Swing）风格的，所以相对于主题性而言听感反而干脆爽快，这点我觉得意外地形成了不错的平衡。 | C33: Ave Mujica Sound Producer Diggy-MO'访谈 & Elements概念解析 | D33: Diggy-MO' | E33: 45567
A34: Symbol IV : Earth | B34: 作为欧洲文明背景的一环，追根溯源，也沿袭了古希腊化时代的元素。\n 我以大地女神“克瑞斯（得墨忒耳）”的视角创作了这个故事。\n 不过，作为一种作词技巧，在导入部分（1A，2A），我加入了一些像克瑞斯俯瞰这片土地并进行诉说的“错位”感，所以有时听起来像是女神的口吻，有时又让人感觉像是大地本身在诉说。 第一人称变得多面化且复杂，这就是我的目的。\n 在设定上，在开头有限的几个小节里，我尽量用不那么说明性的方式，提示了“最初究竟要讲述什么”以及“情境本身”。\n 之后的部分则描绘了延续生命的美、被托付的希望，以及作为向生命低语的地母神所拥有的包容力与丰饶。\n 另外，对我个人而言，在一首歌曲中让人感受到各种色彩或者实际运用各种色彩，这是非常罕见的。\n 通常这种混合会导致风格混乱与不稳定，所以我极力避免，但在这个关于大地的故事中，我确信只要仔细雕琢这一部分，就能形成极其美丽的世界观。\n 伴随着彩虹女神“伊里斯”（Iris）的登场，描绘其恩惠洒向大地的 D 段，这一点表现得尤为明显。\n 兼具“神话”元素的同时，主题是“回归母体”和“重生”。 | C34: Ave Mujica Sound Producer Diggy-MO'访谈 & Elements概念解析 | D34: Diggy-MO' | E34: 45567
A35: Ether | B35: “火、风、水、土”这四个元素属于“月亮以下的世界”，而唯独这“以太”（Ether）属于“月亮以上的领域”。 通过在实际歌词中明确这一概念，表现出了在整个系列中，只有这第五个元素是“特别的存在”。\n 在内容上，\n 以“真正的光”作为定义，我将自己的思想非常简单且强烈地投影到了 Ave Mujica 的世界观以及讲述这个故事的人身上。\n 第一句“一叶的银河系”（一葉の銀河系），是以“质点”（生命之树）为意象，以我自己的方式对生命能量进行诗意化解释后的表达。\n 在关联性上，通过使用神话与宗教的根源、概念来创造这样的语句，并将其放置在最初的位置，营造出纤细且充满紧张感的开场。\n 然后，在生命中怀抱希望、描绘希望，体验名为“活着”的幻影。\n 想要传达的是“但是啊，请不要拘泥于自我本色。当你开始活出本真的生存方式时，命运便会开启”这样的故事。\n 流转于月下的生命，被寂静所注视，而这寂静又逐渐阐述真理。\n 此外，作为元素系列的终章，我在乐曲的最后一部分赋予了“把此前一切归还于起始”的意味。\n “循环往复，当调和来临时，概念便不复存在。”\n 灵魂悟得轮回流转与因果，逐渐融入整片高光之中，终将消逝——就是这样的意象。 | C35: Ave Mujica Sound Producer Diggy-MO'访谈 & Elements概念解析 | D35: Diggy-MO' | E35: 45567
A36: DIVINE | B36: 游戏『PROGRESS ORDERS』OP | D36: Tie-up
A37: KiLLKiSS | B37: 我认为，能让人由衷感叹“这正是‘The Ave Mujica’”的说服力，以及能够代表迄今为止所有主题的综合实力是必需的。\n 关于标题，我的基本构想是：要有能让人一下子豁然开朗的易懂感，要有一种似曾相识却又前所未有的感觉，总之语感要抓耳，同时还能全方位地概括乐队的形象概念。基于这些，我脑海中第一个闪现的就是这个名字。\n 感觉非常自然，有种很好的预感，所以我想将它作为标志性的关键词来使用，在保持一贯的品格与紧张感的同时，通过诗词和音乐构筑出不可动摇的世界观。\n 并且，在展现适合新篇章的冲击力与华丽感的同时，为了将曾经由「黒のバースデイ」开启的故事与角色特性更加赤裸裸地展现出来，我认为同时继承哥特风格及其背景中的隐喻也是非常重要的。\n 「弄られて垂れ流す 音のない音」\n 「被玩弄着倾泻出 无声之音」\n 通过第一声在潜意识中会影响人的关键词迫使观众面对那种触目惊心的真实感与鲜活感，\n 在揭露无法抹去的过去、无法逃避的人类本源的孤独、以及终将被迫自立而破碎的内心的同时，表达呈现出这种“悲哀”从此处不为人知地逐渐激化、逐渐失控的形态。\n 我也强调了：即便舍弃名字，即便试图远离什么，原本的真实始终如一。\n 而在另一方面，我也置入了一个相去甚远、浩瀚无垠的概念。\n 「エネルギーはサイクル」\n 「能量循环往复」\n 那种自身是宇宙一部分的潜在感觉，以及“本真如此”的思想，是延伸至前作「Ether」的精神世界。\n 不过，这里的“completeness”（完美），除了包含「Ether」中那种“因果的完全性”的含义外，还有另一种意图，即指向人们通过想象构建起来的故事与角色性的某种“抵达”。 \n 我脑海中想象了这样一幅画面：摆脱来自过去的束缚、支配性的事物以及背叛，甩开那些不断浮现的一幕幕场景，在月夜下映照出真实的自己。\n 在Hook（副歌）部分，让语言一举觉醒。\n 这里描写的“接吻”所暗示的内容，其中的意象也会让人联想到了圣经中非常著名的题材，而在这样的视觉意象中连续释放的词语，我让它们在保持相同含义的同时改变拼写，以三种节奏构成了在演唱时的语感和发音上都能名副其实地“Hook（钩住）”住听众的冲击力。\n 通过“与时间共存之物”、“言行的表里”、“心情的阴阳”等表达人格的多面性，同时像这样将它们罗列并符号化，使直接的背景母题在暗处若隐若现。但在听感和表面上，又将其封闭在以“原创/Ave Mujica”的诗词世界为轴心的艺术之中，确保其归根结底，能作为一种“音乐上的语感”而成立。\n 这是我作词的基本手法之一。\n 「高举双手 祈愿吧」\n 所谓人，就是会标榜卑劣又傲慢的理想，抑或是祈求幸福，为了抓住幸福而挣扎、向某些事物献媚、反抗，有时甚至流着血，在这颗星球上延伸着自己的影子的存在。\n 能够理解的人，又或是与这一切无缘的人，命运便在这些节点上分化出无数的岔路。\n 欺骗、拥抱、哭泣、欢笑。复杂性的一面又一面，孕育着巨大矛盾的“我”。 \n 在逐渐暴露人性与历史、以及愈发激烈的心灵呐喊的同时，拥抱着“KiLL（杀）”与“KiSS（吻）”的两面并逐渐扭曲，在某种意义上，这可以说是过于坦诚的生命的真正的声音。希望大家聆听“这个世界的‘声音’”，并沉浸其中。 | C37: Ave Mujica Sound Producer Diggy-MO' Completeness解说 | D37: Diggy-MO' | E37: 45744
A38: Imprisoned XII | B38: “监禁”“占有” \n 在描写因为抱有理想而产生的嫉妒、愿望的扭曲、支配性的独占欲等利己主义时，这首歌曲刻意使用了字面意义上扭曲的词尾和过于直白的措辞，展现了那种近乎疯狂的不可理喻的一面，或者说是“强硬”的感觉。\n 我觉得这些词汇连续出现所带来的不稳定性，也给听众留下了可以想象的空白。\n 在“告解”这一层面上，我原本也想过同时沿用背景性的要素。但在在这首歌里，相比于那些，我选择优先凸显故事本身的意象，从而让焦点始终集中在人物内心活动的戏剧冲突上，以此来完成整首作品。 | C38: Ave Mujica Sound Producer Diggy-MO' Completeness解说 | D38: Diggy-MO' | E38: 45744
A39: Crucifix X | B39: 这首歌将具有强烈世界观的哥特乐队的定位与构想推向了极致。\n 这是一首非常契合其本身定位的歌曲，为了更好地凸显这支乐队本身的“不祥的形象”，我一边采用了这样的表现方式，一边思考着在某种意义上要让它稍微夸张一些。\n 在「素晴らしき世界 でも どこにもない場所」「Angles」中融入了托马斯·莫尔和安妮·博林，在「ELEMENTS」中则不仅是人物，还加入了莎士比亚的《暴风雨》等其他各种神话与戏剧的片段，\n 像这样，迄今为止我们已经将极其复合、多种多样的母题混合在一起，编织出另一个故事性及其解读，这是她们所表现的“作为哥特乐队的Ave Mujica”的世界观得以被进一步强化的一部分核心要素。因此我重新提醒自己，要适时地加入这样的背景依据与艺术化处理，始终致力于打造出绝不落入俗套的描写与质感。\n 作为这首的灵感来源，大体上也是非常经典的方向，我将想象力驰骋于16、17世纪左右的欧洲并为其上色，因此这首歌与上述的那些乐曲也有着密切的联系。\n 仿佛亲吻玫瑰念珠的十字架的场景所暗示的人生“瞬间”。我一边想象着重叠着玛丽与伊丽莎白这样代表时代的女王的身影，一边融入各种信息，强调对“Scene（场景）”的聚焦，营造出故事的紧张感。\n “完成宿命的那一刻”，或者是“将被命运捉弄的选择、岔路口” \n 开始转动的齿轮，和开始狂乱的齿轮\n 大概就是这种感觉。\n 题外话，其实这首歌还有一个最终在半途废弃的备用构想。\n 最初创作这首曲子时，我是以据说是玛丽在幽禁生活期间创作的编织物上所描绘的凤凰作为题材展开想象，从一个截然不同的角度来写的。\n 顺着这个关联进一步说，这与「ELEMENTS」中的「Symbol I : △(Fire)」也有着联系。\n 那里的“火”之元素是沙罗曼达，当然与凤凰无关。不过当时在「ELEMENTS」的主题和走向尚未明确决定的时期，关于这些的想法就已经记在了笔记本上。结果只保留了能够自洽的部分，这些部分在「△」中得到了一定程度的升华。在继续推进的过程中，又融合了圣女贞德等国度和时代都不同的参考对象以及各种背景，以大致看不出痕迹的程度和分寸被多样地混合在一起，最终作为「ELEMENTS」概念中的「Symbol I : △(Fire)」得以完成。\n 此外，我也曾考虑过让这首「Crucifix X」与「Imprisoned XII」直接形成“对立/呼应”。不不过，由于动画也在同步推进，在权衡各种平衡的过程中，我在意识到两者相互关系的同时，也将该分离开的部分在半途切断了，转变方向以便双方都能达到最佳的落脚点。「Imprisoned XII」这边决定只保留符号化的暗示性标题。包含这些在内的种种，也是一系列创作过程中的感性部分，事到如今，我将这些看作是我创作过程中的一种俯瞰视角的“心血来潮”或是“时机之妙”，也算是一件趣事。 | C39: Ave Mujica Sound Producer Diggy-MO' Completeness解说 | D39: Diggy-MO' | E39: 45744
A40: Octagram Dance | B40: 这首曲子的主题是“马戏团”。 \n 在极其个人的想象中，我最先脑海中浮现的画面是：马戏团放射状的天花板仿佛将仰望者引向伯利恒之星。\n 我排除了圣诞节的含义，而是转向“八芒星（Octagram）”所具有的更加不可思议的奇妙感觉。\n 暗示性的advertising\n 用红色涂料画的大象、狮子、熊\n 戏剧、讽刺、幻术师、尘土、事件、死亡面具\n 此外，脑海中还浮现出古希腊剧场的象征——喜剧与悲剧的面具等，就像这样混杂在一起，接连不断地产生出无数的联想。\n 门后才是真正的life\n 法则、艺术、倒悬窥视的天使\n 穿透穹顶直达星辰，台词之中并无戏剧，失误即是致命，抓紧不要被甩落\n 活着这件事本身的奴隶\n 最初，我在笔记本的备忘录里写下了类似这样的话。 | C40: Ave Mujica Sound Producer Diggy-MO' Completeness解说 | D40: Diggy-MO' | E40: 45744
A41: Alter Ego | B41: 这首歌非常注重玩心。\n 开篇通过Arlecchino、corset等词汇的选择，只是为了轻巧地带出世界观的统一感。之后便全神贯注地追求干脆利落的短语带来的冲击力。\n 这是一首会因演唱的律动（Groove）而让人印象完全改变的曲子，所以我对与此相关的编曲进行了一些近乎偏执的协调性上的细节的调整。可以说，在此基础上的演唱表现，最终确定了作品的完成形态。\n 即使唱起来难度很高，为了不让听众听起来觉得生涩难懂，我也注重将其打磨成一首能够自然律动、对听众友好的歌曲。\n 稍稍离开紧绷的歌词世界，作为作品群中的一种变化，结果我觉得应该算是做出了悦耳的作品。 | C41: Ave Mujica Sound Producer Diggy-MO' Completeness解说 | D41: Diggy-MO' | E41: 45744
A42: Musica Caelestis | B42: 我着重考虑了虚构与幻想中的现实主义。\n 我强调了这样一种现实：当理解了“扭曲＝本色”时，了解了自己，在即将触手可及之时，眼前却迎来了最后的痛苦。\n 人在活着的时候会挑战各种斗争，怀抱情感，最终又将其遗忘。而无论是人还是任何有形之物终将消亡，这种规律非常自然，甚至在某种程度上让人觉得是件“好事”。所以在这首歌里，我同样在表现人性部分的同时，也描绘了循环、调和这些与以往共通的主题性。\n 这首歌歌唱的是：所有生命，都会在还能奏响属于自身生命赞歌的时候，竭尽全力地奏响，生命便是如此的存在。\n 关于“Ave Mujica”，我在不祥的世界观中思考“美丽的诗句”的机会是比较多的，但除此之外，也有例如“情色的诗句”，有时甚至有怎样都好的“胡闹轻浮的诗句”等，而无论编织怎样的诗词世界，都有一个共同点。我意识到：在作品的某些地方，总要加入与人的本性和真实情感紧密相连的东西，在作品中放上仿佛直刺内心深处的触目惊心的鲜活感与令人猛然意识到的真相，是非常重要的。\n 大概就是这种感觉：人类“真正想说的就是真实的事情”，而这一概念确实就在所谓的“具有诗性”之中。在这支乐队里也是如此，在构筑故事和世界观的过程中，我希望能描绘出不让其止步于此的观察视角，并在其中带入对未来、对展望，或者与“人究竟为何…”相关的共鸣，如果能引导出某种结论，那就是最理想的。\n 而且我认为，正是这些东西，构成了歌词真正的趣味和“内核”。 \n 基于“天文学依然是艺术”的观念，我想象着“奏响音乐的美丽天球”，并以此作为了标题。 | C42: Ave Mujica Sound Producer Diggy-MO' Completeness解说 | D42: Diggy-MO' | E42: 45744
A43: 'S/' The Way | B43: TV动画「卡片战斗!! 先导者 Divinez DELUXE 决胜篇」#11 ED | D43: Tie-up
A44: Ankoku Tengoku | B44: ALI PROJECT 「小女神花铃」OP | D44: Originally by
A45: Daten | B45: Creepy Nuts「彻夜之歌」OP | D45: Originally by
A46: KINGS | B46: angela「K」OP | D46: Originally by
A47: A Cruel Angel's Thesis | B47: 高桥样子「新世纪福音战士」OP | D47: Originally by
A48: Determination Symphony | B48: Roselia「ONENESS」收录曲 | D48: Originally by
A49: PASSIONATE ANTHEM | B49: Roselia「Safe and Sound」收录曲 | D49: Originally by
A50: Fatal | B50: GEMN「【推しの子】」第2期 OP | D50: Originally by
A51: A Song Of Romance | B51: 电影「BanG Dream! Ave Mujica prima aurora」插入歌 | D51: Remark

Sheet song_live_history
A1: song_name | B1: live_date | C1: live_venue | D1: live_name | E1: has_video | F1: video_url
A2: Angles | B2: 45318 | C2: 横須賀芸術劇場 | D2: Ave Mujica 1st LIVE 「Perdere Omnia」 | E2: yes | F2: https://www.acfun.cn/v/ac47931167
A3: Angles | B3: 45451 | C3: 神奈川県民ホール 大ホール | D3: Ave Mujica 2nd LIVE「Quaerere Lumina」神奈川公演 | E3: yes | F3: https://www.acfun.cn/v/ac47931167_2
A4: Angles | B4: 45480 | C4: 愛知県芸術劇場 大ホール | D4: Ave Mujica 2nd LIVE「Quaerere Lumina」爱知公演 | E4: no
A5: Angles | B5: 45486 | C5: 国家会展中心（上海）虹馆EH | D5: BILIBILI MACRO LINK 2024 DAY1 | E5: no
A6: Angles | B6: 45487 | C6: 国家会展中心（上海）虹馆EH | D6: BILIBILI MACRO LINK 2024 DAY2 | E6: no
A7: Angles | B7: 45578 | C7: 河口湖ステラシアター | D7: Ave Mujica 3rd LIVE「Veritas」 | E7: yes | F7: https://www.acfun.cn/v/ac47931167_3
A8: Angles | B8: 45641 | C8: 武蔵野の森総合スポーツプラザ | D8: Ave Mujica 4th LIVE「Adventus」 | E8: yes | F8: https://www.acfun.cn/v/ac47931167_4
A9: Angles | B9: 45690 | C9: KT Zepp Yokohama | D9: Ave Mujica「KiLLKiSS」購入者限定フリーライブ | E9: yes | F9: https://www.acfun.cn/v/ac47931167_5
A10: Angles | B10: 46005 | C10: 東京国際フォーラム ホールA | D10: Ave Mujica 6th LIVE 「Ulterius Procedere」 东京公演 | E10: yes | F10: https://www.acfun.cn/v/ac47931167_6
A11: Angles | B11: 46101 | C11: 神戸ワールド記念ホール | D11: MEGA VEGAS 2026 | E11: no
A12: Angles | B12: 46116 | C12: KT Zepp Yokohama | D12: CENTRAL MUSIC & ENTERTAINMENT FESTIVAL 2026 | E12: yes | F12: https://www.acfun.cn/v/ac47931167_7
A13: Angles | B13: 46215 | C13: Kアリーナ横浜 | D13: BEAT AX -SUMMER EDITION 2026- | E13: no
A14: Ave Mujica | B14: 45081 | C14: 中野サンプラザホール | D14: Ave Mujica 0th LIVE「Primo die in scaena」 | E14: yes | F14: https://www.acfun.cn/v/ac47934758
A15: Ave Mujica | B15: 45186 | C15: 有明アリーナ | D15: Roselia「Farbe」DAY2 | E15: yes | F15: https://www.acfun.cn/v/ac47934758_2
A16: Ave Mujica | B16: 45318 | C16: 横須賀芸術劇場 | D16: Ave Mujica 1st LIVE 「Perdere Omnia」 | E16: yes | F16: https://www.acfun.cn/v/ac47934758_3
A17: Ave Mujica | B17: 45360 | C17: 神戸ワールド記念ホール | D17: MEGA VEGAS 2024 | E17: no
A18: Ave Mujica | B18: 45451 | C18: 神奈川県民ホール 大ホール | D18: Ave Mujica 2nd LIVE「Quaerere Lumina」神奈川公演 | E18: yes | F18: https://www.acfun.cn/v/ac47934758_4
A19: Ave Mujica | B19: 45480 | C19: 愛知県芸術劇場 大ホール | D19: Ave Mujica 2nd LIVE「Quaerere Lumina」爱知公演 | E19: no
A20: Ave Mujica | B20: 45486 | C20: 国家会展中心（上海）虹馆EH | D20: BILIBILI MACRO LINK 2024 DAY1 | E20: yes | F20: https://www.acfun.cn/v/ac47934758_5
A21: Ave Mujica | B21: 45487 | C21: 国家会展中心（上海）虹馆EH | D21: BILIBILI MACRO LINK 2024 DAY2 | E21: no
A22: Ave Mujica | B22: 45534 | C22: さいたまスーパーアリーナ | D22: Animelo Summer Live 2024 -Stargazer- | E22: yes | F22: https://www.acfun.cn/v/ac47934758_6
A23: Ave Mujica | B23: 45578 | C23: 河口湖ステラシアター | D23: Ave Mujica 3rd LIVE「Veritas」 | E23: yes | F23: https://www.acfun.cn/v/ac47934758_7
A24: Ave Mujica | B24: 45619 | C24: 横浜アリーナ | D24: ANIMAX MUSIX 2024 FALL | E24: yes | F24: https://www.acfun.cn/v/ac47934758_8
A25: Ave Mujica | B25: 45641 | C25: 武蔵野の森総合スポーツプラザ | D25: Ave Mujica 4th LIVE「Adventus」 | E25: yes | F25: https://www.acfun.cn/v/ac47934758_9
A26: Ave Mujica | B26: 45682 | C26: 日本武道館 | D26: リスアニ!LIVE 2025 SATURDAY STAGE | E26: no
A27: Ave Mujica | B27: 45690 | C27: KT Zepp Yokohama | D27: Ave Mujica「KiLLKiSS」購入者限定フリーライブ | E27: yes | F27: https://www.acfun.cn/v/ac47934758_10
A28: Ave Mujica | B28: 45773 | C28: Kアリーナ横浜 | D28: MyGO!!!!!×Ave Mujica 合同ライブ「わかれ道の、その先へ」DAY1 : Petrichor | E28: yes | F28: https://www.acfun.cn/v/ac47934815
A29: Ave Mujica | B29: 45774 | C29: Kアリーナ横浜 | D29: MyGO!!!!!×Ave Mujica 合同ライブ「わかれ道の、その先へ」DAY2 : Geosmin | E29: yes | F29: https://www.acfun.cn/v/ac47934815_2
A30: Ave Mujica | B30: 45815 | C30: Smart Araneta Coliseum | D30: ANISAMA WORLD 2025 in MANILA | E30: no
A31: Ave Mujica | B31: 45864 | C31: LaLa arena TOKYO-BAY | D31: Ave Mujica 5th LIVE「Nova Historia」DAY1 | E31: yes | F31: https://www.acfun.cn/v/ac47934815_3
A32: Ave Mujica | B32: 45865 | C32: LaLa arena TOKYO-BAY | D32: Ave Mujica 5th LIVE「Nova Historia」DAY2 | E32: yes | F32: https://www.acfun.cn/v/ac47934815_4
A33: Ave Mujica | B33: 45941 | C33: 梅赛德斯-奔驰文化中心 （Mercedes-Benz Arena） | D33: MyGO!!!!!×Ave Mujica 合同ライブ「わかれ道の、その先へ」上海追加公演 DAY1 : Petrichor | E33: yes | F33: https://www.acfun.cn/v/ac47934815_5
A34: Ave Mujica | B34: 45942 | C34: 梅赛德斯-奔驰文化中心 （Mercedes-Benz Arena） | D34: MyGO!!!!!×Ave Mujica 合同ライブ「わかれ道の、その先へ」上海追加公演 DAY2 : Geosmin | E34: yes | F34: https://www.acfun.cn/v/ac47934815_6
A35: Ave Mujica | B35: 46129 | C35: Zepp Fukuoka | D35: Ave Mujica LIVE TOUR 2026「Exitus」福冈公演 | E35: no
A36: Ave Mujica | B36: 46138 | C36: Zepp Namba | D36: Ave Mujica LIVE TOUR 2026「Exitus」大阪公演 | E36: no
A37: Ave Mujica | B37: 46143 | C37: Zepp Nagoya | D37: Ave Mujica LIVE TOUR 2026「Exitus」爱知公演 | E37: no
A38: Ave Mujica | B38: 46146 | C38: Zepp Haneda (TOKYO) | D38: Ave Mujica LIVE TOUR 2026「Exitus」东京公演 | E38: no
A39: Ave Mujica | B39: 46192 | C39: SGC HALL ARIAKE | D39: Ave Mujica LIVE TOUR 2026「Exitus」-FINAL- DAY1 | E39: yes | F39: https://www.acfun.cn/v/ac47934815_7
A40: Ave Mujica | B40: 46215 | C40: Kアリーナ横浜 | D40: BEAT AX -SUMMER EDITION 2026- | E40: no
A41: Ave Mujica | B41: 46242 | C41: 國立體育大學綜合體育館（林口體育館） | D41: Ave Mujica LIVE TOUR 2026「Exitus」台北追加公演 DAY1 | E41: no
A42: Ave Mujica | B42: 46243 | C42: 國立體育大學綜合體育館（林口體育館） | D42: Ave Mujica LIVE TOUR 2026「Exitus」台北追加公演 DAY2 | E42: no
A43: Black Birthday | B43: 45081 | C43: 中野サンプラザホール | D43: Ave Mujica 0th LIVE「Primo die in scaena」 | E43: yes | F43: https://www.acfun.cn/v/ac47932539
A44: Black Birthday | B44: 45318 | C44: 横須賀芸術劇場 | D44: Ave Mujica 1st LIVE 「Perdere Omnia」 | E44: yes | F44: https://www.acfun.cn/v/ac47932539_2
A45: Black Birthday | B45: 45360 | C45: 神戸ワールド記念ホール | D45: MEGA VEGAS 2024 | E45: no
A46: Black Birthday | B46: 45451 | C46: 神奈川県民ホール 大ホール | D46: Ave Mujica 2nd LIVE「Quaerere Lumina」神奈川公演 | E46: yes | F46: https://www.acfun.cn/v/ac47932539_3
A47: Black Birthday | B47: 45480 | C47: 愛知県芸術劇場 大ホール | D47: Ave Mujica 2nd LIVE「Quaerere Lumina」爱知公演 | E47: no
A48: Black Birthday | B48: 45486 | C48: 国家会展中心（上海）虹馆EH | D48: BILIBILI MACRO LINK 2024 DAY1 | E48: no
A49: Black Birthday | B49: 45487 | C49: 国家会展中心（上海）虹馆EH | D49: BILIBILI MACRO LINK 2024 DAY2 | E49: no
A50: Black Birthday | B50: 45578 | C50: 河口湖ステラシアター | D50: Ave Mujica 3rd LIVE「Veritas」 | E50: yes | F50: https://www.acfun.cn/v/ac47932539_4
A51: Black Birthday | B51: 45641 | C51: 武蔵野の森総合スポーツプラザ | D51: Ave Mujica 4th LIVE「Adventus」 | E51: yes | F51: https://www.acfun.cn/v/ac47932539_5
A52: Black Birthday | B52: 45682 | C52: 日本武道館 | D52: リスアニ!LIVE 2025 SATURDAY STAGE | E52: no
A53: Black Birthday | B53: 45690 | C53: KT Zepp Yokohama | D53: Ave Mujica「KiLLKiSS」購入者限定フリーライブ | E53: yes | F53: https://www.acfun.cn/v/ac47932539_6
A54: Black Birthday | B54: 45864 | C54: LaLa arena TOKYO-BAY | D54: Ave Mujica 5th LIVE「Nova Historia」DAY1 | E54: yes | F54: https://www.acfun.cn/v/ac47932539_7
A55: Black Birthday | B55: 45865 | C55: LaLa arena TOKYO-BAY | D55: Ave Mujica 5th LIVE「Nova Historia」DAY2 | E55: yes | F55: https://www.acfun.cn/v/ac47932539_8
A56: Black Birthday | B56: 46005 | C56: 東京国際フォーラム ホールA | D56: Ave Mujica 6th LIVE 「Ulterius Procedere」 东京公演 | E56: yes | F56: https://www.acfun.cn/v/ac47932539_9
A57: Black Birthday | B57: 46037 | C57: グランキューブ大阪 メインホール | D57: Ave Mujica 6th LIVE 「Ulterius Procedere」 大阪公演 | E57: no
A58: Black Birthday | B58: 46082 | C58: Kアリーナ横浜 | D58: MyGO!!!!!×Ave Mujica ツーマンライブ「“moment / memory”」 | E58: yes | F58: https://www.acfun.cn/v/ac47932539_10
A59: Black Birthday | B59: 46123 | C59: 台北・大佳河濱公園 | D59: BanG Dream! Special LIVE in TAIPEI DAY1 : MyGO!!!!!×Ave Mujica「"moment / memory"」 | E59: no
A60: Black Birthday | B60: 46129 | C60: Zepp Fukuoka | D60: Ave Mujica LIVE TOUR 2026「Exitus」福冈公演 | E60: no
A61: Black Birthday | B61: 46138 | C61: Zepp Namba | D61: Ave Mujica LIVE TOUR 2026「Exitus」大阪公演 | E61: no
A62: Black Birthday | B62: 46143 | C62: Zepp Nagoya | D62: Ave Mujica LIVE TOUR 2026「Exitus」爱知公演 | E62: no
A63: Black Birthday | B63: 46146 | C63: Zepp Haneda (TOKYO) | D63: Ave Mujica LIVE TOUR 2026「Exitus」东京公演 | E63: no
A64: Black Birthday | B64: 46192 | C64: SGC HALL ARIAKE | D64: Ave Mujica LIVE TOUR 2026「Exitus」-FINAL- DAY1 | E64: yes | F64: https://www.acfun.cn/v/ac48752036
A65: Black Birthday | B65: 46193 | C65: SGC HALL ARIAKE | D65: Ave Mujica LIVE TOUR 2026「Exitus」-FINAL- DAY2 | E65: yes | F65: https://www.acfun.cn/v/ac48752036_2
A66: Black Birthday | B66: 46242 | C66: 國立體育大學綜合體育館（林口體育館） | D66: Ave Mujica LIVE TOUR 2026「Exitus」台北追加公演 DAY1 | E66: no
A67: Black Birthday | B67: 46243 | C67: 國立體育大學綜合體育館（林口體育館） | D67: Ave Mujica LIVE TOUR 2026「Exitus」台北追加公演 DAY2 | E67: no
A68: Choir 'S' Choir | B68: 45081 | C68: 中野サンプラザホール | D68: Ave Mujica 0th LIVE「Primo die in scaena」 | E68: yes | F68: https://www.acfun.cn/v/ac47935101
A69: Choir 'S' Choir | B69: 45318 | C69: 横須賀芸術劇場 | D69: Ave Mujica 1st LIVE 「Perdere Omnia」 | E69: yes | F69: https://www.acfun.cn/v/ac47935101_2
A70: Choir 'S' Choir | B70: 45360 | C70: 神戸ワールド記念ホール | D70: MEGA VEGAS 2024 | E70: no
A71: Choir 'S' Choir | B71: 45451 | C71: 神奈川県民ホール 大ホール | D71: Ave Mujica 2nd LIVE「Quaerere Lumina」神奈川公演 | E71: yes | F71: https://www.acfun.cn/v/ac47935101_3
A72: Choir 'S' Choir | B72: 45480 | C72: 愛知県芸術劇場 大ホール | D72: Ave Mujica 2nd LIVE「Quaerere Lumina」爱知公演 | E72: no
A73: Choir 'S' Choir | B73: 45578 | C73: 河口湖ステラシアター | D73: Ave Mujica 3rd LIVE「Veritas」 | E73: yes | F73: https://www.acfun.cn/v/ac47935101_4
A74: Choir 'S' Choir | B74: 45641 | C74: 武蔵野の森総合スポーツプラザ | D74: Ave Mujica 4th LIVE「Adventus」 | E74: yes | F74: https://www.acfun.cn/v/ac47935101_5
A75: Choir 'S' Choir | B75: 45690 | C75: KT Zepp Yokohama | D75: Ave Mujica「KiLLKiSS」購入者限定フリーライブ | E75: yes | F75: https://www.acfun.cn/v/ac47935101_6
A76: Choir 'S' Choir | B76: 45864 | C76: LaLa arena TOKYO-BAY | D76: Ave Mujica 5th LIVE「Nova Historia」DAY1 | E76: yes | F76: https://www.acfun.cn/v/ac47935101_7
A77: Choir 'S' Choir | B77: 45865 | C77: LaLa arena TOKYO-BAY | D77: Ave Mujica 5th LIVE「Nova Historia」DAY2 | E77: yes | F77: https://www.acfun.cn/v/ac47935101_8
A78: Choir 'S' Choir | B78: 46005 | C78: 東京国際フォーラム ホールA | D78: Ave Mujica 6th LIVE 「Ulterius Procedere」 东京公演 | E78: yes | F78: https://www.acfun.cn/v/ac47935101_9
A79: Choir 'S' Choir | B79: 46037 | C79: グランキューブ大阪 メインホール | D79: Ave Mujica 6th LIVE 「Ulterius Procedere」 大阪公演 | E79: no
A80: Choir 'S' Choir | B80: 46082 | C80: Kアリーナ横浜 | D80: MyGO!!!!!×Ave Mujica ツーマンライブ「“moment / memory”」 | E80: yes | F80: https://www.acfun.cn/v/ac47935101_10
A81: Choir 'S' Choir | B81: 46123 | C81: 台北・大佳河濱公園 | D81: BanG Dream! Special LIVE in TAIPEI DAY1 : MyGO!!!!!×Ave Mujica「"moment / memory"」 | E81: no
A82: Choir 'S' Choir | B82: 46129 | C82: Zepp Fukuoka | D82: Ave Mujica LIVE TOUR 2026「Exitus」福冈公演 | E82: no
A83: Choir 'S' Choir | B83: 46138 | C83: Zepp Namba | D83: Ave Mujica LIVE TOUR 2026「Exitus」大阪公演 | E83: no
A84: Choir 'S' Choir | B84: 46143 | C84: Zepp Nagoya | D84: Ave Mujica LIVE TOUR 2026「Exitus」爱知公演 | E84: no
A85: Choir 'S' Choir | B85: 46146 | C85: Zepp Haneda (TOKYO) | D85: Ave Mujica LIVE TOUR 2026「Exitus」东京公演 | E85: no
A86: Choir 'S' Choir | B86: 46192 | C86: SGC HALL ARIAKE | D86: Ave Mujica LIVE TOUR 2026「Exitus」-FINAL- DAY1 | E86: yes | F86: https://www.acfun.cn/v/ac48752881
A87: Choir 'S' Choir | B87: 46193 | C87: SGC HALL ARIAKE | D87: Ave Mujica LIVE TOUR 2026「Exitus」-FINAL- DAY2 | E87: yes | F87: https://www.acfun.cn/v/ac48752881_2
A88: Choir 'S' Choir | B88: 46242 | C88: 國立體育大學綜合體育館（林口體育館） | D88: Ave Mujica LIVE TOUR 2026「Exitus」台北追加公演 DAY1 | E88: no
A89: Choir 'S' Choir | B89: 46243 | C89: 國立體育大學綜合體育館（林口體育館） | D89: Ave Mujica LIVE TOUR 2026「Exitus」台北追加公演 DAY2 | E89: no
A90: Georgette Me, Georgette You | B90: 45682 | C90: 日本武道館 | D90: リスアニ!LIVE 2025 SATURDAY STAGE | E90: yes | F90: https://www.acfun.cn/v/ac47924476
A91: Georgette Me, Georgette You | B91: 45690 | C91: KT Zepp Yokohama | D91: Ave Mujica「KiLLKiSS」購入者限定フリーライブ | E91: yes | F91: https://www.acfun.cn/v/ac47924476_2
A92: Georgette Me, Georgette You | B92: 45773 | C92: Kアリーナ横浜 | D92: MyGO!!!!!×Ave Mujica 合同ライブ「わかれ道の、その先へ」DAY1 : Petrichor | E92: yes | F92: https://www.acfun.cn/v/ac47924476_3
A93: Georgette Me, Georgette You | B93: 45774 | C93: Kアリーナ横浜 | D93: MyGO!!!!!×Ave Mujica 合同ライブ「わかれ道の、その先へ」DAY2 : Geosmin | E93: yes | F93: https://www.acfun.cn/v/ac47924476_4
A94: Georgette Me, Georgette You | B94: 45782 | C94: 千葉市蘇我スポーツ公園 | D94: JAPAN JAM 2025 | E94: no
A95: Georgette Me, Georgette You | B95: 45815 | C95: Smart Araneta Coliseum | D95: ANISAMA WORLD 2025 in MANILA | E95: no
A96: Georgette Me, Georgette You | B96: 45941 | C96: 梅赛德斯-奔驰文化中心 （Mercedes-Benz Arena） | D96: MyGO!!!!!×Ave Mujica 合同ライブ「わかれ道の、その先へ」上海追加公演 DAY1 : Petrichor | E96: yes | F96: https://www.acfun.cn/v/ac47924476_5
A97: Georgette Me, Georgette You | B97: 45942 | C97: 梅赛德斯-奔驰文化中心 （Mercedes-Benz Arena） | D97: MyGO!!!!!×Ave Mujica 合同ライブ「わかれ道の、その先へ」上海追加公演 DAY2 : Geosmin | E97: yes | F97: https://www.acfun.cn/v/ac47924476_6
A98: Georgette Me, Georgette You | B98: 46193 | C98: SGC HALL ARIAKE | D98: Ave Mujica LIVE TOUR 2026「Exitus」-FINAL- DAY2 | E98: yes | F98: https://www.acfun.cn/v/ac47924476_7
A99: Georgette Me, Georgette You | B99: 46243 | C99: 國立體育大學綜合體育館（林口體育館） | D99: Ave Mujica LIVE TOUR 2026「Exitus」台北追加公演 DAY2 | E99: no
A100: Georgette Me, Georgette You | B100: 46248 | C100: 万博記念公園 | D100: SUMMER SONIC 2026 OSAKA | E100: no
...

Sheet lives
A1: live_name | B1: live_date | C1: live_venue | D1: poster | E1: kv | F1: video_url | G1: description | H1: live_tag | I1: for short
A2: Ave Mujica 0th LIVE「Primo die in scaena」 | B2: 45081 | C2: 中野サンプラザホール | D2: ../images/logo/0th logo透明底.webp | E2: ../images/0th kv假.webp | F2: https://www.acfun.cn/v/ac48837138 | G2: 「初次登台」 | H2: One Man Live | I2: 0th
A3: Roselia「Farbe」DAY2 | B3: 45186 | C3: 有明アリーナ | D3: ../images/logo/farbe logo.webp | E3: ../images/farbe kv假.webp | F3: https://www.bilibili.com/video/BV1meqBY9EjL | G3: Opening Act | H3: BanG Dream! | I3: Roselia Farbe
A4: Ave Mujica 1st LIVE 「Perdere Omnia」 | B4: 45318 | C4: 横須賀芸術劇場 | D4: ../images/logo/1st logo.webp | E4: ../images/1st live kv.webp | F4: https://www.acfun.cn/v/ac48845233 | G4: 「破坏一切」 | H4: One Man Live | I4: 1st
A5: MEGA VEGAS 2024 | B5: 45360 | C5: 神戸ワールド記念ホール | D5: ../images/logo/megavegas2024.webp | E5: ../images/megavegas2024 kv.webp | H5: Fes | I5: MEGA VEGAS 2024
A6: Ave Mujica 2nd LIVE「Quaerere Lumina」神奈川公演 | B6: 45451 | C6: 神奈川県民ホール 大ホール | D6: ../images/logo/2ndlogo神奈川.webp | E6: ../images/2nd live kv.webp | F6: https://www.acfun.cn/v/ac48845606 | G6: 「寻找着光」 | H6: One Man Live | I6: 2nd神奈川
A7: Ave Mujica 2nd LIVE「Quaerere Lumina」爱知公演 | B7: 45480 | C7: 愛知県芸術劇場 大ホール | D7: ../images/logo/2ndlogo爱知.webp | E7: ../images/2nd live kv.webp | G7: 「寻找着光」 | H7: One Man Live | I7: 2nd爱知
A8: BILIBILI MACRO LINK 2024 DAY1 | B8: 45486 | C8: 国家会展中心（上海）虹馆EH | D8: ../images/logo/bml2024d1.webp | E8: ../images/bml2024 kv.webp | F8: https://www.bilibili.com/video/BV1P142187fx | G8: 非全场 | H8: Fes | I8: BML2024 D1
A9: BILIBILI MACRO LINK 2024 DAY2 | B9: 45487 | C9: 国家会展中心（上海）虹馆EH | D9: ../images/logo/bml2024d2.webp | E9: ../images/bml2024 kv.webp | H9: Fes | I9: BML2024 D2
A10: Animelo Summer Live 2024 -Stargazer- | B10: 45534 | C10: さいたまスーパーアリーナ | D10: ../images/logo/asl2024logo.webp | E10: ../images/asl2024 kv.webp | F10: https://www.acfun.cn/v/ac48796276 | H10: Fes | I10: ASL2024
A11: Ave Mujica 3rd LIVE「Veritas」 | B11: 45578 | C11: 河口湖ステラシアター | D11: ../images/logo/3rd logo.webp | E11: ../images/3rd live kv.webp | F11: https://www.acfun.cn/v/ac48848118 | G11: 「真实」 | H11: One Man Live | I11: 3rd
A12: ANIMAX MUSIX 2024 FALL | B12: 45619 | C12: 横浜アリーナ | D12: ../images/logo/animax2024logo.webp | E12: ../images/animax2024 kv.webp | F12: https://www.acfun.cn/v/ac48796259 | H12: Fes | I12: ANIMAX 2024
A13: Roselia「Stille Nacht, Rosen Nacht」 | B13: 45640 | C13: 武蔵野の森総合スポーツプラザ | D13: ../images/logo/roseliasnrnlogo.webp | E13: ../images/roseliasnrn kv.webp | F13: https://www.acfun.cn/v/ac48786156 | G13: Opening Act | H13: BanG Dream! | I13: Roselia SNRN
A14: Ave Mujica 4th LIVE「Adventus」 | B14: 45641 | C14: 武蔵野の森総合スポーツプラザ | D14: ../images/logo/4th logo.webp | E14: ../images/4th live kv.webp | F14: https://www.acfun.cn/v/ac48839425 | G14: 「降临」 | H14: One Man Live | I14: 4th
A15: リスアニ!LIVE 2025 SATURDAY STAGE | B15: 45682 | C15: 日本武道館 | D15: ../images/logo/lisani2025logo.webp | E15: ../images/lisani2025_am01.webp | F15: https://www.bilibili.com/video/BV1aAZYYAEEQ | G15: 非全场 | H15: Fes | I15: Lisani 2025
A16: Ave Mujica「KiLLKiSS」購入者限定フリーライブ | B16: 45690 | C16: KT Zepp Yokohama | D16: ../images/logo/kkfreelivelogo.webp | E16: ../images/kkfreelive kv.webp | F16: https://www.acfun.cn/v/ac48848106 | H16: One Man Live | I16: free live
A17: MyGO!!!!!×Ave Mujica 合同ライブ「わかれ道の、その先へ」DAY1 : Petrichor | B17: 45773 | C17: Kアリーナ横浜 | D17: ../images/logo/鸡狗1d1logo.webp | E17: ../images/鸡狗1横k kv.webp | F17: https://www.bilibili.com/video/BV1RV2eBeEAd | G17: 「分歧路口，前路漫漫」横K场 | H17: BanG Dream! | I17: MyMuji1 横KD1
A18: MyGO!!!!!×Ave Mujica 合同ライブ「わかれ道の、その先へ」DAY2 : Geosmin | B18: 45774 | C18: Kアリーナ横浜 | D18: ../images/logo/鸡狗1d2logo.webp | E18: ../images/鸡狗1横k kv.webp | F18: https://www.acfun.cn/v/ac48829435 | G18: 「分歧路口，前路漫漫」横K场 | H18: BanG Dream! | I18: MyMuji1 横KD2
A19: JAPAN JAM 2025 | B19: 45782 | C19: 千葉市蘇我スポーツ公園 | D19: ../images/logo/japanjam2025logo.webp | E19: ../images/japanjam2025 kv.webp | F19: https://www.bilibili.com/video/BV1pB3izpExm | G19: 非全场 | H19: Fes | I19: JJ2025
A20: ANISAMA WORLD 2025 in MANILA | B20: 45815 | C20: Smart Araneta Coliseum | D20: ../images/logo/asl2025manlialogo.webp | E20: ../images/asl2025manlia kv.webp | H20: Fes | I20: ASL2025 马尼拉
A21: BILIBILI MACRO LINK 2025 DAY2 | B21: 45850 | C21: 国家会展中心（上海）虹馆EH | D21: ../images/logo/bml2025d2logo.webp | E21: ../images/bml2025 kv.webp | F21: https://www.bilibili.com/video/BV1Ac8yzxERF | G21: 非全场 | H21: Fes | I21: BML2025 D2
A22: BILIBILI MACRO LINK 2025 DAY3 | B22: 45851 | C22: 国家会展中心（上海）虹馆EH | D22: ../images/logo/bml2025d3logo.webp | E22: ../images/bml2025 kv.webp | G22: 非全场 | H22: Fes | I22: BML2025 D3
A23: Ave Mujica 5th LIVE「Nova Historia」DAY1 | B23: 45864 | C23: LaLa arena TOKYO-BAY | D23: ../images/logo/5thd1logo.webp | E23: ../images/5th kv.webp | F23: https://www.acfun.cn/v/ac48848113 | G23: 「新的历史」 | H23: One Man Live | I23: 5th D1
A24: Ave Mujica 5th LIVE「Nova Historia」DAY2 | B24: 45865 | C24: LaLa arena TOKYO-BAY | D24: ../images/logo/5thd2logo.webp | E24: ../images/5th kv.webp | F24: https://www.acfun.cn/v/ac48737511 | G24: 「新的历史」 | H24: One Man Live | I24: 5th D2
A25: SUMMER SONIC 2025 TOKYO | B25: 45885 | C25: ZOZOマリンスタジアム＆幕張メッセ | D25: ../images/logo/ss2025logo.webp | E25: ../images/ss2025 kv.webp | F25: https://www.bilibili.com/video/BV1F9YYzwESD | H25: Fes | I25: SS2025
A26: Animelo Summer Live 2025 “ThanXX!” | B26: 45899 | C26: さいたまスーパーアリーナ | D26: ../images/logo/asl2025logo.webp | E26: ../images/asl2025 kv.webp | F26: https://www.acfun.cn/v/ac48796328 | H26: Fes | I26: ASL2025
A27: rockin'on presents ROCK IN JAPAN FESTIVAL 2025 | B27: 45920 | C27: 千葉市蘇我スポーツ公園 | D27: ../images/logo/rockinjapan2025logo.webp | E27: ../images/rockinjapan2025 kv.webp | F27: https://www.bilibili.com/video/BV1CZUfBtEWF | H27: Fes | I27: RIJ2025
A28: MyGO!!!!!×Ave Mujica 合同ライブ「わかれ道の、その先へ」上海追加公演 DAY1 : Petrichor | B28: 45941 | C28: 梅赛德斯-奔驰文化中心 （Mercedes-Benz Arena） | D28: ../images/logo/鸡狗1上海d1logo.webp | E28: ../images/鸡狗1上海 kv.webp | F28: https://www.acfun.cn/v/ac48832641 | G28: 「分歧路口，前路漫漫」梅奔场 | H28: BanG Dream! | I28: MyMuji1 梅奔D1
A29: MyGO!!!!!×Ave Mujica 合同ライブ「わかれ道の、その先へ」上海追加公演 DAY2 : Geosmin | B29: 45942 | C29: 梅赛德斯-奔驰文化中心 （Mercedes-Benz Arena） | D29: ../images/logo/鸡狗1上海d2logo.webp | E29: ../images/鸡狗1上海 kv.webp | F29: https://www.acfun.cn/v/ac48832628 | G29: 「分歧路口，前路漫漫」梅奔场 | H29: BanG Dream! | I29: MyMuji1 梅奔D2
A30: Ave Mujica 6th LIVE 「Ulterius Procedere」 东京公演 | B30: 46005 | C30: 東京国際フォーラム ホールA | D30: ../images/logo/6th东京logo.webp | E30: ../images/6th kv.webp | F30: https://www.acfun.cn/v/ac48691288 | G30: 「继续前行」 | H30: One Man Live | I30: 6th 东京
A31: ABEMA 日本アニメトレンド大賞 2025 | B31: 46017 | C31: Studio | D31: ../images/logo/abemaanison大赏2025logo.webp | E31: ../images/abemaanison大赏2025 kv.webp | F31: https://www.bilibili.com/video/BV1LmBvBQEag | H31: Fes | I31: ABEMA
A32: Ave Mujica 6th LIVE 「Ulterius Procedere」 大阪公演 | B32: 46037 | C32: グランキューブ大阪 メインホール | D32: ../images/logo/6th大阪logo.webp | E32: ../images/6th kv.webp | G32: 「继续前行」 | H32: One Man Live | I32: 6th 大阪
A33: BanG Dream! 10th Anniversary LIVE「In the name of BanG Dream!」 | B33: 46081 | C33: Kアリーナ横浜 | D33: ../images/logo/邦邦10周年logo.webp | E33: ../images/邦邦10周年 kv.webp | F33: https://www.acfun.cn/v/ac48832656 | G33: 「以BanG Dream!之名」 | H33: BanG Dream! | I33: 邦10周年
A34: MyGO!!!!!×Ave Mujica ツーマンライブ「“moment / memory”」 | B34: 46082 | C34: Kアリーナ横浜 | D34: ../images/logo/横k鸡狗2logo.webp | E34: ../images/横k鸡狗2 kv.webp | F34: https://www.bilibili.com/video/BV1TFJW6FEeP | G34: 「“瞬间 / 记忆”」 | H34: BanG Dream! | I34: MyMuji2 横K
A35: MEGA VEGAS 2026 | B35: 46101 | C35: 神戸ワールド記念ホール | D35: ../images/logo/megavegas2026logo.webp | E35: ../images/megavegas2026 kv.webp | H35: Fes | I35: MEGA VEGAS 2026
A36: CENTRAL MUSIC & ENTERTAINMENT FESTIVAL 2026 | B36: 46116 | C36: KT Zepp Yokohama | D36: ../images/logo/central2026logo.webp | E36: ../images/central26 kv.webp | F36: https://www.bilibili.com/video/BV18RdHBnELz | H36: Fes | I36: CENTRAL 2026
A37: BanG Dream! Special LIVE in TAIPEI DAY1 : MyGO!!!!!×Ave Mujica「"moment / memory"」 | B37: 46123 | C37: 台北・大佳河濱公園 | D37: ../images/logo/台北鸡狗2logo.webp | E37: ../images/台北鸡狗2 kv.webp | G37: 「“瞬间 / 记忆”」 | H37: BanG Dream! | I37: MyMuji2 台北
A38: Ave Mujica LIVE TOUR 2026「Exitus」福冈公演 | B38: 46129 | C38: Zepp Fukuoka | D38: ../images/logo/exitus福冈logo.webp | E38: ../images/exitus kv.webp | G38: 「出口」 | H38: One Man Live | I38: Exitus 福冈
A39: Ave Mujica LIVE TOUR 2026「Exitus」大阪公演 | B39: 46138 | C39: Zepp Namba | D39: ../images/logo/exitus大阪logo.webp | E39: ../images/exitus kv.webp | G39: 「出口」 | H39: One Man Live | I39: Exitus 大阪
A40: Ave Mujica LIVE TOUR 2026「Exitus」爱知公演 | B40: 46143 | C40: Zepp Nagoya | D40: ../images/logo/exitus爱知logo.webp | E40: ../images/exitus kv.webp | G40: 「出口」 | H40: One Man Live | I40: Exitus 爱知
A41: Ave Mujica LIVE TOUR 2026「Exitus」东京公演 | B41: 46146 | C41: Zepp Haneda (TOKYO) | D41: ../images/logo/exitus东京logo.webp | E41: ../images/exitus kv.webp | G41: 「出口」 | H41: One Man Live | I41: Exitus 羽田
A42: Ave Mujica LIVE TOUR 2026「Exitus」-FINAL- DAY1 | B42: 46192 | C42: SGC HALL ARIAKE | D42: ../images/logo/exitusfld1logo.webp | E42: ../images/exitus kv.webp | F42: https://www.acfun.cn/v/ac48645465 | G42: 「出口」 | H42: One Man Live | I42: Exitus FLD1
A43: Ave Mujica LIVE TOUR 2026「Exitus」-FINAL- DAY2 | B43: 46193 | C43: SGC HALL ARIAKE | D43: ../images/logo/exitusfld2logo.webp | E43: ../images/exitus kv.webp | F43: https://www.acfun.cn/v/ac48644820 | G43: 「出口」 | H43: One Man Live | I43: Exitus FLD2
A44: BEAT AX -SUMMER EDITION 2026- | B44: 46215 | C44: Kアリーナ横浜 | D44: ../images/logo/beatax2026logo.webp | E44: ../images/beatax2026 kv.webp | H44: Fes | I44: BEAT AX 2026
A45: Ave Mujica LIVE TOUR 2026「Exitus」台北追加公演 DAY1 | B45: 46242 | C45: 國立體育大學綜合體育館（林口體育館） | D45: ../images/logo/exitus台北d1logo.webp | E45: ../images/exitus kv.webp | G45: 「出口」 | H45: One Man Live | I45: Exitus 台北D1
A46: Ave Mujica LIVE TOUR 2026「Exitus」台北追加公演 DAY2 | B46: 46243 | C46: 國立體育大學綜合體育館（林口體育館） | D46: ../images/logo/exitus台北d2logo.webp | E46: ../images/exitus kv.webp | G46: 「出口」 | H46: One Man Live | I46: Exitus 台北D2
A47: SUMMER SONIC 2026 OSAKA | B47: 46248 | C47: 万博記念公園 | D47: ../images/logo/ss2026大阪logo.webp | E47: ../images/ss2026 kv.webp | H47: Fes | I47: SS2026大阪
A48: SUMMER SONIC 2026 TOKYO | B48: 46250 | C48: ZOZOマリンスタジアム＆幕張メッセ | D48: ../images/logo/ss2026东京logo.webp | E48: ../images/ss2026 kv.webp | F48: https://www.bilibili.com/video/BV17iYj6bE6G | H48: Fes | I48: SS2026东京

Sheet setlist
A1: live_name | B1: track_num | C1: track_title | D1: highlight_label | E1: highlight_text | F1: mc_file | G1: songname | H1: link
A2: Ave Mujica 0th LIVE「Primo die in scaena」 | C2: Intro | G2: =_xlfn.XLOOKUP(C2,songs!B:B,songs!A:A,"") | H2: {=_xlfn.XLOOKUP(A2&G2,song_live_history!D:D&song_live_history!A:A,song_live_history!F:F,"")}
A3: Ave Mujica 0th LIVE「Primo die in scaena」 | B3: M01 | C3: 黒のバースデイ | D3: Live debut | G3: =_xlfn.XLOOKUP(C3,songs!B:B,songs!A:A,"") -> Black Birthday | H3: {=_xlfn.XLOOKUP(A3&G3,song_live_history!D:D&song_live_history!A:A,song_live_history!F:F,"")} -> https://www.acfun.cn/v/ac47932539
A4: Ave Mujica 0th LIVE「Primo die in scaena」 | B4: M02 | C4: KINGS | D4: COVER | E4: Originally by angela「K」OP | G4: =_xlfn.XLOOKUP(C4,songs!B:B,songs!A:A,"") -> KINGS | H4: {=_xlfn.XLOOKUP(A4&G4,song_live_history!D:D&song_live_history!A:A,song_live_history!F:F,"")} -> https://www.acfun.cn/v/ac47931710
A5: Ave Mujica 0th LIVE「Primo die in scaena」 | C5: Interlude | D5: Story Movie | E5: ホントウノワタシ -再生-“真正的我” | F5: mc/0th_再生.md | G5: =_xlfn.XLOOKUP(C5,songs!B:B,songs!A:A,"") | H5: {=_xlfn.XLOOKUP(A5&G5,song_live_history!D:D&song_live_history!A:A,song_live_history!F:F,"")}
A6: Ave Mujica 0th LIVE「Primo die in scaena」 | B6: M03 | C6: ふたつの月 ~Deep Into The Forest~ | D6: Live debut | G6: =_xlfn.XLOOKUP(C6,songs!B:B,songs!A:A,"") -> Two Moons | H6: {=_xlfn.XLOOKUP(A6&G6,song_live_history!D:D&song_live_history!A:A,song_live_history!F:F,"")} -> https://www.acfun.cn/v/ac47931075
A7: Ave Mujica 0th LIVE「Primo die in scaena」 | B7: M04 | C7: 暗黒天国 | D7: COVER | E7: Originally by ALI PROJECT「小女神花铃」OP | G7: =_xlfn.XLOOKUP(C7,songs!B:B,songs!A:A,"") -> Ankoku Tengoku | H7: {=_xlfn.XLOOKUP(A7&G7,song_live_history!D:D&song_live_history!A:A,song_live_history!F:F,"")} -> https://www.acfun.cn/v/ac47932937
A8: Ave Mujica 0th LIVE「Primo die in scaena」 | B8: M05 | C8: Determination Symphony | D8: COVER | E8: Originally by Roselia「ONENESS」收录曲 | G8: =_xlfn.XLOOKUP(C8,songs!B:B,songs!A:A,"") -> Determination Symphony | H8: {=_xlfn.XLOOKUP(A8&G8,song_live_history!D:D&song_live_history!A:A,song_live_history!F:F,"")} -> https://www.acfun.cn/v/ac47935835
A9: Ave Mujica 0th LIVE「Primo die in scaena」 | C9: Interlude | D9: Story Movie | E9: マヨイコンダモリ -探索-“迷失于深林” | G9: =_xlfn.XLOOKUP(C9,songs!B:B,songs!A:A,"") | H9: {=_xlfn.XLOOKUP(A9&G9,song_live_history!D:D&song_live_history!A:A,song_live_history!F:F,"")}
A10: Ave Mujica 0th LIVE「Primo die in scaena」 | B10: M06 | C10: Choir 'S' Choir | D10: Live debut | G10: =_xlfn.XLOOKUP(C10,songs!B:B,songs!A:A,"") -> Choir 'S' Choir | H10: {=_xlfn.XLOOKUP(A10&G10,song_live_history!D:D&song_live_history!A:A,song_live_history!F:F,"")} -> https://www.acfun.cn/v/ac47935101
A11: Ave Mujica 0th LIVE「Primo die in scaena」 | B11: M07 | C11: 堕天 | D11: COVER | E11: Originally by Creepy Nuts「彻夜之歌」OP | G11: =_xlfn.XLOOKUP(C11,songs!B:B,songs!A:A,"") -> Daten | H11: {=_xlfn.XLOOKUP(A11&G11,song_live_history!D:D&song_live_history!A:A,song_live_history!F:F,"")} -> https://www.acfun.cn/v/ac47932763
A12: Ave Mujica 0th LIVE「Primo die in scaena」 | C12: Interlude | D12: Story Movie | E12: コタエヲサガシテ -摩擦-“寻找答案” | G12: =_xlfn.XLOOKUP(C12,songs!B:B,songs!A:A,"") | H12: {=_xlfn.XLOOKUP(A12&G12,song_live_history!D:D&song_live_history!A:A,song_live_history!F:F,"")}
A13: Ave Mujica 0th LIVE「Primo die in scaena」 | B13: M08 | C13: 神さま、バカ | D13: Live debut | G13: =_xlfn.XLOOKUP(C13,songs!B:B,songs!A:A,"") -> Memento Mori | H13: {=_xlfn.XLOOKUP(A13&G13,song_live_history!D:D&song_live_history!A:A,song_live_history!F:F,"")} -> https://www.acfun.cn/v/ac47934950
A14: Ave Mujica 0th LIVE「Primo die in scaena」 | B14: M09 | C14: PASSIONATE ANTHEM | D14: COVER | E14: Originally by Roselia「Safe and Sound」收录曲 | G14: =_xlfn.XLOOKUP(C14,songs!B:B,songs!A:A,"") -> PASSIONATE ANTHEM | H14: {=_xlfn.XLOOKUP(A14&G14,song_live_history!D:D&song_live_history!A:A,song_live_history!F:F,"")} -> https://www.acfun.cn/v/ac47935862
A15: Ave Mujica 0th LIVE「Primo die in scaena」 | C15: Interlude | D15: Story Movie | E15: キオクトゲンソウ -過去-“记忆与幻想” | G15: =_xlfn.XLOOKUP(C15,songs!B:B,songs!A:A,"") | H15: {=_xlfn.XLOOKUP(A15&G15,song_live_history!D:D&song_live_history!A:A,song_live_history!F:F,"")}
A16: Ave Mujica 0th LIVE「Primo die in scaena」 | B16: M10 | C16: Mas?uerade Rhapsody Re?uest | D16: Live debut | G16: =_xlfn.XLOOKUP(C16,songs!B:B,songs!A:A,"") -> Mas?uerade Rhapsody Re?uest | H16: {=_xlfn.XLOOKUP(A16&G16,song_live_history!D:D&song_live_history!A:A,song_live_history!F:F,"")} -> https://www.acfun.cn/v/ac47935303
A17: Ave Mujica 0th LIVE「Primo die in scaena」 | C17: Interlude | D17: Story Movie | E17: カクセイヘノウタ -招待-“通往觉醒之歌” | G17: =_xlfn.XLOOKUP(C17,songs!B:B,songs!A:A,"") | H17: {=_xlfn.XLOOKUP(A17&G17,song_live_history!D:D&song_live_history!A:A,song_live_history!F:F,"")}
A18: Ave Mujica 0th LIVE「Primo die in scaena」 | B18: M11 | C18: Ave Mujica | D18: Unreleased Song | G18: =_xlfn.XLOOKUP(C18,songs!B:B,songs!A:A,"") -> Ave Mujica | H18: {=_xlfn.XLOOKUP(A18&G18,song_live_history!D:D&song_live_history!A:A,song_live_history!F:F,"")} -> https://www.acfun.cn/v/ac47934758
A19: SUMMER SONIC 2026 OSAKA | B19: M01 | C19: Crucifix X | G19: =_xlfn.XLOOKUP(C19,songs!B:B,songs!A:A,"") -> Crucifix X | H19: {=_xlfn.XLOOKUP(A19&G19,song_live_history!D:D&song_live_history!A:A,song_live_history!F:F,"")} -> 0
A20: SUMMER SONIC 2026 OSAKA | B20: M02 | C20: Sophie | G20: =_xlfn.XLOOKUP(C20,songs!B:B,songs!A:A,"") -> Sophie | H20: {=_xlfn.XLOOKUP(A20&G20,song_live_history!D:D&song_live_history!A:A,song_live_history!F:F,"")} -> 0
A21: SUMMER SONIC 2026 OSAKA | B21: M03 | C21: Georgette Me, Georgette You | G21: =_xlfn.XLOOKUP(C21,songs!B:B,songs!A:A,"") -> Georgette Me, Georgette You | H21: {=_xlfn.XLOOKUP(A21&G21,song_live_history!D:D&song_live_history!A:A,song_live_history!F:F,"")} -> 0
A22: SUMMER SONIC 2026 OSAKA | B22: M04 | C22: Mas?uerade Rhapsody Re?uest | G22: =_xlfn.XLOOKUP(C22,songs!B:B,songs!A:A,"") -> Mas?uerade Rhapsody Re?uest | H22: {=_xlfn.XLOOKUP(A22&G22,song_live_history!D:D&song_live_history!A:A,song_live_history!F:F,"")} -> 0
A23: SUMMER SONIC 2026 OSAKA | B23: M05 | C23: 八芒星ダンス | G23: =_xlfn.XLOOKUP(C23,songs!B:B,songs!A:A,"") -> Octagram Dance | H23: {=_xlfn.XLOOKUP(A23&G23,song_live_history!D:D&song_live_history!A:A,song_live_history!F:F,"")} -> 0
A24: SUMMER SONIC 2026 OSAKA | B24: M06 | C24: Symbol II : 🜁 | G24: =_xlfn.XLOOKUP(C24,songs!B:B,songs!A:A,"") -> Symbol II : Air | H24: {=_xlfn.XLOOKUP(A24&G24,song_live_history!D:D&song_live_history!A:A,song_live_history!F:F,"")} -> 0
A25: SUMMER SONIC 2026 OSAKA | B25: M07 | C25: 顔 | G25: =_xlfn.XLOOKUP(C25,songs!B:B,songs!A:A,"") -> Alter Ego | H25: {=_xlfn.XLOOKUP(A25&G25,song_live_history!D:D&song_live_history!A:A,song_live_history!F:F,"")} -> 0
A26: SUMMER SONIC 2026 OSAKA | B26: M08 | C26: KiLLKiSS | G26: =_xlfn.XLOOKUP(C26,songs!B:B,songs!A:A,"") -> KiLLKiSS | H26: {=_xlfn.XLOOKUP(A26&G26,song_live_history!D:D&song_live_history!A:A,song_live_history!F:F,"")} -> 0
A27: SUMMER SONIC 2026 OSAKA | B27: M09 | C27: Symbol I : 🜂 | G27: =_xlfn.XLOOKUP(C27,songs!B:B,songs!A:A,"") -> Symbol I : Fire | H27: {=_xlfn.XLOOKUP(A27&G27,song_live_history!D:D&song_live_history!A:A,song_live_history!F:F,"")} -> 0
A28: SUMMER SONIC 2026 TOKYO | B28: M01 | C28: Crucifix X | G28: =_xlfn.XLOOKUP(C28,songs!B:B,songs!A:A,"") -> Crucifix X | H28: {=_xlfn.XLOOKUP(A28&G28,song_live_history!D:D&song_live_history!A:A,song_live_history!F:F,"")} -> https://www.acfun.cn/v/ac47932208_10
A29: SUMMER SONIC 2026 TOKYO | B29: M02 | C29: Sophie | D29: Highlight | E29: 尖叫部分使用极端嗓 | G29: =_xlfn.XLOOKUP(C29,songs!B:B,songs!A:A,"") -> Sophie | H29: {=_xlfn.XLOOKUP(A29&G29,song_live_history!D:D&song_live_history!A:A,song_live_history!F:F,"")} -> https://www.acfun.cn/v/ac48115972_7
A30: SUMMER SONIC 2026 TOKYO | B30: M03 | C30: Georgette Me, Georgette You | D30: Live Arrangement | E30: 慢版Arrangement | G30: =_xlfn.XLOOKUP(C30,songs!B:B,songs!A:A,"") -> Georgette Me, Georgette You | H30: {=_xlfn.XLOOKUP(A30&G30,song_live_history!D:D&song_live_history!A:A,song_live_history!F:F,"")} -> https://www.acfun.cn/v/ac47924476_8
A31: SUMMER SONIC 2026 TOKYO | B31: M04 | C31: Mas?uerade Rhapsody Re?uest | G31: =_xlfn.XLOOKUP(C31,songs!B:B,songs!A:A,"") -> Mas?uerade Rhapsody Re?uest | H31: {=_xlfn.XLOOKUP(A31&G31,song_live_history!D:D&song_live_history!A:A,song_live_history!F:F,"")} -> https://www.acfun.cn/v/ac48116488_5
A32: SUMMER SONIC 2026 TOKYO | B32: M05 | C32: 八芒星ダンス | G32: =_xlfn.XLOOKUP(C32,songs!B:B,songs!A:A,"") -> Octagram Dance | H32: {=_xlfn.XLOOKUP(A32&G32,song_live_history!D:D&song_live_history!A:A,song_live_history!F:F,"")} -> https://www.acfun.cn/v/ac48751840_3
A33: SUMMER SONIC 2026 TOKYO | B33: M06 | C33: Symbol II : 🜁 | G33: =_xlfn.XLOOKUP(C33,songs!B:B,songs!A:A,"") -> Symbol II : Air | H33: {=_xlfn.XLOOKUP(A33&G33,song_live_history!D:D&song_live_history!A:A,song_live_history!F:F,"")} -> https://www.acfun.cn/v/ac48409409_4
A34: SUMMER SONIC 2026 TOKYO | B34: M07 | C34: 顔 | G34: =_xlfn.XLOOKUP(C34,songs!B:B,songs!A:A,"") -> Alter Ego | H34: {=_xlfn.XLOOKUP(A34&G34,song_live_history!D:D&song_live_history!A:A,song_live_history!F:F,"")} -> https://www.acfun.cn/v/ac48311717_7
A35: SUMMER SONIC 2026 TOKYO | B35: M08 | C35: KiLLKiSS | G35: =_xlfn.XLOOKUP(C35,songs!B:B,songs!A:A,"") -> KiLLKiSS | H35: {=_xlfn.XLOOKUP(A35&G35,song_live_history!D:D&song_live_history!A:A,song_live_history!F:F,"")} -> https://www.acfun.cn/v/ac48751334_3
A36: SUMMER SONIC 2026 TOKYO | B36: M09 | C36: Symbol I : 🜂 | G36: =_xlfn.XLOOKUP(C36,songs!B:B,songs!A:A,"") -> Symbol I : Fire | H36: {=_xlfn.XLOOKUP(A36&G36,song_live_history!D:D&song_live_history!A:A,song_live_history!F:F,"")} -> https://www.acfun.cn/v/ac47931603_8
A37: Animelo Summer Live 2024 -Stargazer- | B37: M00 | C37: Greensleeves | D37: Highlight | E37: Doloris清唱绿袖子开场 | G37: =_xlfn.XLOOKUP(C37,songs!B:B,songs!A:A,"") | H37: {=_xlfn.XLOOKUP(A37&G37,song_live_history!D:D&song_live_history!A:A,song_live_history!F:F,"")}
A38: Animelo Summer Live 2024 -Stargazer- | B38: M01 | C38: Ave Mujica | D38: Highlight | E38: 演唱前进行舞台名唱名 | G38: =_xlfn.XLOOKUP(C38,songs!B:B,songs!A:A,"") -> Ave Mujica | H38: {=_xlfn.XLOOKUP(A38&G38,song_live_history!D:D&song_live_history!A:A,song_live_history!F:F,"")} -> https://www.acfun.cn/v/ac47934758_6
A39: Animelo Summer Live 2024 -Stargazer- | B39: M02 | C39: Mas?uerade Rhapsody Re?uest | G39: =_xlfn.XLOOKUP(C39,songs!B:B,songs!A:A,"") -> Mas?uerade Rhapsody Re?uest | H39: {=_xlfn.XLOOKUP(A39&G39,song_live_history!D:D&song_live_history!A:A,song_live_history!F:F,"")} -> https://www.acfun.cn/v/ac47935303_5
A40: Roselia「Stille Nacht, Rosen Nacht」 | B40: M01 | C40: Symbol I : 🜂 | G40: =_xlfn.XLOOKUP(C40,songs!B:B,songs!A:A,"") -> Symbol I : Fire | H40: {=_xlfn.XLOOKUP(A40&G40,song_live_history!D:D&song_live_history!A:A,song_live_history!F:F,"")} -> https://www.acfun.cn/v/ac47931569_4
A41: Roselia「Stille Nacht, Rosen Nacht」 | B41: M02 | C41: Symbol II : 🜁 | G41: =_xlfn.XLOOKUP(C41,songs!B:B,songs!A:A,"") -> Symbol II : Air | H41: {=_xlfn.XLOOKUP(A41&G41,song_live_history!D:D&song_live_history!A:A,song_live_history!F:F,"")} -> https://www.acfun.cn/v/ac47933063_3
A42: Roselia「Stille Nacht, Rosen Nacht」 | B42: M03 | C42: Symbol III : 🜄 | G42: =_xlfn.XLOOKUP(C42,songs!B:B,songs!A:A,"") -> Symbol III : Water | H42: {=_xlfn.XLOOKUP(A42&G42,song_live_history!D:D&song_live_history!A:A,song_live_history!F:F,"")} -> https://www.acfun.cn/v/ac47930965_2
A43: Roselia「Stille Nacht, Rosen Nacht」 | B43: M04 | C43: Symbol IV : 🜃 | G43: =_xlfn.XLOOKUP(C43,songs!B:B,songs!A:A,"") -> Symbol IV : Earth | H43: {=_xlfn.XLOOKUP(A43&G43,song_live_history!D:D&song_live_history!A:A,song_live_history!F:F,"")} -> https://www.acfun.cn/v/ac47934854_2
A44: Roselia「Stille Nacht, Rosen Nacht」 | B44: M05 | C44: Ether | G44: =_xlfn.XLOOKUP(C44,songs!B:B,songs!A:A,"") -> Ether | H44: {=_xlfn.XLOOKUP(A44&G44,song_live_history!D:D&song_live_history!A:A,song_live_history!F:F,"")} -> https://www.acfun.cn/v/ac47933636_2
A45: リスアニ!LIVE 2025 SATURDAY STAGE | B45: M01 | C45: Georgette Me, Georgette You | D45: Live debut | G45: =_xlfn.XLOOKUP(C45,songs!B:B,songs!A:A,"") -> Georgette Me, Georgette You | H45: {=_xlfn.XLOOKUP(A45&G45,song_live_history!D:D&song_live_history!A:A,song_live_history!F:F,"")} -> https://www.acfun.cn/v/ac47924476
A46: リスアニ!LIVE 2025 SATURDAY STAGE | B46: M02 | C46: Ave Mujica | G46: =_xlfn.XLOOKUP(C46,songs!B:B,songs!A:A,"") -> Ave Mujica | H46: {=_xlfn.XLOOKUP(A46&G46,song_live_history!D:D&song_live_history!A:A,song_live_history!F:F,"")} -> 0
A47: リスアニ!LIVE 2025 SATURDAY STAGE | B47: M03 | C47: 黒のバースデイ | G47: =_xlfn.XLOOKUP(C47,songs!B:B,songs!A:A,"") -> Black Birthday | H47: {=_xlfn.XLOOKUP(A47&G47,song_live_history!D:D&song_live_history!A:A,song_live_history!F:F,"")} -> 0
A48: リスアニ!LIVE 2025 SATURDAY STAGE | B48: M04 | C48: Symbol I : 🜂 | G48: =_xlfn.XLOOKUP(C48,songs!B:B,songs!A:A,"") -> Symbol I : Fire | H48: {=_xlfn.XLOOKUP(A48&G48,song_live_history!D:D&song_live_history!A:A,song_live_history!F:F,"")} -> https://www.acfun.cn/v/ac47931569_6
A49: リスアニ!LIVE 2025 SATURDAY STAGE | B49: M05 | C49: KiLLKiSS | G49: =_xlfn.XLOOKUP(C49,songs!B:B,songs!A:A,"") -> KiLLKiSS | H49: {=_xlfn.XLOOKUP(A49&G49,song_live_history!D:D&song_live_history!A:A,song_live_history!F:F,"")} -> https://www.acfun.cn/v/ac47932379_2
A50: Roselia「Farbe」DAY2 | B50: M01 | C50: Ave Mujica | G50: =_xlfn.XLOOKUP(C50,songs!B:B,songs!A:A,"") -> Ave Mujica | H50: {=_xlfn.XLOOKUP(A50&G50,song_live_history!D:D&song_live_history!A:A,song_live_history!F:F,"")} -> https://www.acfun.cn/v/ac47934758_2
A51: Roselia「Farbe」DAY2 | B51: M02 | C51: 神さま、バカ | G51: =_xlfn.XLOOKUP(C51,songs!B:B,songs!A:A,"") -> Memento Mori | H51: {=_xlfn.XLOOKUP(A51&G51,song_live_history!D:D&song_live_history!A:A,song_live_history!F:F,"")} -> https://www.acfun.cn/v/ac47934950_2
A52: Roselia「Farbe」DAY2 | B52: M03 | C52: Mas?uerade Rhapsody Re?uest | G52: =_xlfn.XLOOKUP(C52,songs!B:B,songs!A:A,"") -> Mas?uerade Rhapsody Re?uest | H52: {=_xlfn.XLOOKUP(A52&G52,song_live_history!D:D&song_live_history!A:A,song_live_history!F:F,"")} -> https://www.acfun.cn/v/ac47935303_2
A53: Ave Mujica 1st LIVE 「Perdere Omnia」 | C53: Intro | D53: Anime | E53: 「BanG Dream! It's MyGO!!!!!」EP13 | G53: =_xlfn.XLOOKUP(C53,songs!B:B,songs!A:A,"") | H53: {=_xlfn.XLOOKUP(A53&G53,song_live_history!D:D&song_live_history!A:A,song_live_history!F:F,"")}
A54: Ave Mujica 1st LIVE 「Perdere Omnia」 | B54: M01 | C54: Ave Mujica | G54: =_xlfn.XLOOKUP(C54,songs!B:B,songs!A:A,"") -> Ave Mujica | H54: {=_xlfn.XLOOKUP(A54&G54,song_live_history!D:D&song_live_history!A:A,song_live_history!F:F,"")} -> https://www.acfun.cn/v/ac47934758_3
A55: Ave Mujica 1st LIVE 「Perdere Omnia」 | B55: M02 | C55: ふたつの月 ~Deep Into The Forest~ | G55: =_xlfn.XLOOKUP(C55,songs!B:B,songs!A:A,"") -> Two Moons | H55: {=_xlfn.XLOOKUP(A55&G55,song_live_history!D:D&song_live_history!A:A,song_live_history!F:F,"")} -> https://www.acfun.cn/v/ac47931075_2
A56: Ave Mujica 1st LIVE 「Perdere Omnia」 | B56: M03 | C56: KINGS | D56: COVER | E56: Originally by angela「K」OP | G56: =_xlfn.XLOOKUP(C56,songs!B:B,songs!A:A,"") -> KINGS | H56: {=_xlfn.XLOOKUP(A56&G56,song_live_history!D:D&song_live_history!A:A,song_live_history!F:F,"")} -> https://www.acfun.cn/v/ac47931710_2
A57: Ave Mujica 1st LIVE 「Perdere Omnia」 | C57: Interlude | D57: theatrical segment | E57: 预录音轨演出 | G57: =_xlfn.XLOOKUP(C57,songs!B:B,songs!A:A,"") | H57: {=_xlfn.XLOOKUP(A57&G57,song_live_history!D:D&song_live_history!A:A,song_live_history!F:F,"")}
A58: Ave Mujica 1st LIVE 「Perdere Omnia」 | B58: M04 | C58: 素晴らしき世界 でも どこにもない場所 | D58: Live debut | G58: =_xlfn.XLOOKUP(C58,songs!B:B,songs!A:A,"") -> Utopia | H58: {=_xlfn.XLOOKUP(A58&G58,song_live_history!D:D&song_live_history!A:A,song_live_history!F:F,"")} -> https://www.acfun.cn/v/ac47933675
A59: Ave Mujica 1st LIVE 「Perdere Omnia」 | B59: M05 | C59: 暗黒天国 | D59: COVER | E59: Originally by ALI PROJECT「小女神花铃」OP | G59: =_xlfn.XLOOKUP(C59,songs!B:B,songs!A:A,"") -> Ankoku Tengoku | H59: {=_xlfn.XLOOKUP(A59&G59,song_live_history!D:D&song_live_history!A:A,song_live_history!F:F,"")} -> https://www.acfun.cn/v/ac47932937_2
A60: Ave Mujica 1st LIVE 「Perdere Omnia」 | B60: M06 | C60: Choir 'S' Choir | G60: =_xlfn.XLOOKUP(C60,songs!B:B,songs!A:A,"") -> Choir 'S' Choir | H60: {=_xlfn.XLOOKUP(A60&G60,song_live_history!D:D&song_live_history!A:A,song_live_history!F:F,"")} -> https://www.acfun.cn/v/ac47935101_2
A61: Ave Mujica 1st LIVE 「Perdere Omnia」 | C61: Interlude | D61: theatrical segment | E61: 预录音轨演出 | G61: =_xlfn.XLOOKUP(C61,songs!B:B,songs!A:A,"") | H61: {=_xlfn.XLOOKUP(A61&G61,song_live_history!D:D&song_live_history!A:A,song_live_history!F:F,"")}
A62: Ave Mujica 1st LIVE 「Perdere Omnia」 | B62: M07 | C62: Mas?uerade Rhapsody Re?uest | D62: Highlight | E62: Doloris尖叫ver | G62: =_xlfn.XLOOKUP(C62,songs!B:B,songs!A:A,"") -> Mas?uerade Rhapsody Re?uest | H62: {=_xlfn.XLOOKUP(A62&G62,song_live_history!D:D&song_live_history!A:A,song_live_history!F:F,"")} -> https://www.acfun.cn/v/ac47935303_3
A63: Ave Mujica 1st LIVE 「Perdere Omnia」 | B63: M08 | C63: 堕天 | D63: COVER | E63: Originally by Creepy Nuts「彻夜之歌」OP | G63: =_xlfn.XLOOKUP(C63,songs!B:B,songs!A:A,"") -> Daten | H63: {=_xlfn.XLOOKUP(A63&G63,song_live_history!D:D&song_live_history!A:A,song_live_history!F:F,"")} -> https://www.acfun.cn/v/ac47932763_2
A64: Ave Mujica 1st LIVE 「Perdere Omnia」 | B64: M09 | C64: 神さま、バカ | G64: =_xlfn.XLOOKUP(C64,songs!B:B,songs!A:A,"") -> Memento Mori | H64: {=_xlfn.XLOOKUP(A64&G64,song_live_history!D:D&song_live_history!A:A,song_live_history!F:F,"")} -> https://www.acfun.cn/v/ac47934950_3
A65: Ave Mujica 1st LIVE 「Perdere Omnia」 | C65: Interlude | D65: theatrical segment | E65: 预录音轨演出 | G65: =_xlfn.XLOOKUP(C65,songs!B:B,songs!A:A,"") | H65: {=_xlfn.XLOOKUP(A65&G65,song_live_history!D:D&song_live_history!A:A,song_live_history!F:F,"")}
A66: Ave Mujica 1st LIVE 「Perdere Omnia」 | B66: M10 | C66: 黒のバースデイ | G66: =_xlfn.XLOOKUP(C66,songs!B:B,songs!A:A,"") -> Black Birthday | H66: {=_xlfn.XLOOKUP(A66&G66,song_live_history!D:D&song_live_history!A:A,song_live_history!F:F,"")} -> https://www.acfun.cn/v/ac47932539_2
A67: Ave Mujica 1st LIVE 「Perdere Omnia」 | B67: M11 | C67: Angles | D67: Live debut | G67: =_xlfn.XLOOKUP(C67,songs!B:B,songs!A:A,"") -> Angles | H67: {=_xlfn.XLOOKUP(A67&G67,song_live_history!D:D&song_live_history!A:A,song_live_history!F:F,"")} -> https://www.acfun.cn/v/ac47931167
A68: MEGA VEGAS 2024 | B68: M01 | C68: Mas?uerade Rhapsody Re?uest | G68: =_xlfn.XLOOKUP(C68,songs!B:B,songs!A:A,"") -> Mas?uerade Rhapsody Re?uest | H68: {=_xlfn.XLOOKUP(A68&G68,song_live_history!D:D&song_live_history!A:A,song_live_history!F:F,"")} -> 0
A69: MEGA VEGAS 2024 | B69: M02 | C69: ふたつの月 ~Deep Into The Forest~ | G69: =_xlfn.XLOOKUP(C69,songs!B:B,songs!A:A,"") -> Two Moons | H69: {=_xlfn.XLOOKUP(A69&G69,song_live_history!D:D&song_live_history!A:A,song_live_history!F:F,"")} -> 0
A70: MEGA VEGAS 2024 | B70: M03 | C70: Ave Mujica | G70: =_xlfn.XLOOKUP(C70,songs!B:B,songs!A:A,"") -> Ave Mujica | H70: {=_xlfn.XLOOKUP(A70&G70,song_live_history!D:D&song_live_history!A:A,song_live_history!F:F,"")} -> 0
A71: MEGA VEGAS 2024 | B71: M04 | C71: Choir 'S' Choir | G71: =_xlfn.XLOOKUP(C71,songs!B:B,songs!A:A,"") -> Choir 'S' Choir | H71: {=_xlfn.XLOOKUP(A71&G71,song_live_history!D:D&song_live_history!A:A,song_live_history!F:F,"")} -> 0
A72: MEGA VEGAS 2024 | B72: M05 | C72: 神さま、バカ | G72: =_xlfn.XLOOKUP(C72,songs!B:B,songs!A:A,"") -> Memento Mori | H72: {=_xlfn.XLOOKUP(A72&G72,song_live_history!D:D&song_live_history!A:A,song_live_history!F:F,"")} -> 0
A73: MEGA VEGAS 2024 | B73: M06 | C73: 素晴らしき世界 でも どこにもない場所 | G73: =_xlfn.XLOOKUP(C73,songs!B:B,songs!A:A,"") -> Utopia | H73: {=_xlfn.XLOOKUP(A73&G73,song_live_history!D:D&song_live_history!A:A,song_live_history!F:F,"")} -> 0
A74: MEGA VEGAS 2024 | B74: M07 | C74: 黒のバースデイ | G74: =_xlfn.XLOOKUP(C74,songs!B:B,songs!A:A,"") -> Black Birthday | H74: {=_xlfn.XLOOKUP(A74&G74,song_live_history!D:D&song_live_history!A:A,song_live_history!F:F,"")} -> 0
A75: Ave Mujica 2nd LIVE「Quaerere Lumina」神奈川公演 | B75: M01 | C75: 素晴らしき世界 でも どこにもない場所 | G75: =_xlfn.XLOOKUP(C75,songs!B:B,songs!A:A,"") -> Utopia | H75: {=_xlfn.XLOOKUP(A75&G75,song_live_history!D:D&song_live_history!A:A,song_live_history!F:F,"")} -> https://www.acfun.cn/v/ac47933675_2
A76: Ave Mujica 2nd LIVE「Quaerere Lumina」神奈川公演 | B76: M02 | C76: Ave Mujica | G76: =_xlfn.XLOOKUP(C76,songs!B:B,songs!A:A,"") -> Ave Mujica | H76: {=_xlfn.XLOOKUP(A76&G76,song_live_history!D:D&song_live_history!A:A,song_live_history!F:F,"")} -> https://www.acfun.cn/v/ac47934758_4
A77: Ave Mujica 2nd LIVE「Quaerere Lumina」神奈川公演 | B77: M03 | C77: Angles | G77: =_xlfn.XLOOKUP(C77,songs!B:B,songs!A:A,"") -> Angles | H77: {=_xlfn.XLOOKUP(A77&G77,song_live_history!D:D&song_live_history!A:A,song_live_history!F:F,"")} -> https://www.acfun.cn/v/ac47931167_2
A78: Ave Mujica 2nd LIVE「Quaerere Lumina」神奈川公演 | C78: Interlude | D78: Monologues | E78: 预录念白 | G78: =_xlfn.XLOOKUP(C78,songs!B:B,songs!A:A,"") | H78: {=_xlfn.XLOOKUP(A78&G78,song_live_history!D:D&song_live_history!A:A,song_live_history!F:F,"")}
A79: Ave Mujica 2nd LIVE「Quaerere Lumina」神奈川公演 | B79: M04 | C79: 暗黒天国 | D79: COVER | E79: Originally by ALI PROJECT「小女神花铃」OP | G79: =_xlfn.XLOOKUP(C79,songs!B:B,songs!A:A,"") -> Ankoku Tengoku | H79: {=_xlfn.XLOOKUP(A79&G79,song_live_history!D:D&song_live_history!A:A,song_live_history!F:F,"")} -> https://www.acfun.cn/v/ac47932937_3
A80: Ave Mujica 2nd LIVE「Quaerere Lumina」神奈川公演 | B80: M05 | C80: Mas?uerade Rhapsody Re?uest | G80: =_xlfn.XLOOKUP(C80,songs!B:B,songs!A:A,"") -> Mas?uerade Rhapsody Re?uest | H80: {=_xlfn.XLOOKUP(A80&G80,song_live_history!D:D&song_live_history!A:A,song_live_history!F:F,"")} -> https://www.acfun.cn/v/ac47935303_4
A81: Ave Mujica 2nd LIVE「Quaerere Lumina」神奈川公演 | B81: M06 | C81: 神さま、バカ | G81: =_xlfn.XLOOKUP(C81,songs!B:B,songs!A:A,"") -> Memento Mori | H81: {=_xlfn.XLOOKUP(A81&G81,song_live_history!D:D&song_live_history!A:A,song_live_history!F:F,"")} -> https://www.acfun.cn/v/ac47934950_4
A82: Ave Mujica 2nd LIVE「Quaerere Lumina」神奈川公演 | C82: Interlude | D82: Monologues | E82: 预录念白 | G82: =_xlfn.XLOOKUP(C82,songs!B:B,songs!A:A,"") | H82: {=_xlfn.XLOOKUP(A82&G82,song_live_history!D:D&song_live_history!A:A,song_live_history!F:F,"")}
A83: Ave Mujica 2nd LIVE「Quaerere Lumina」神奈川公演 | B83: M07 | C83: Symbol I : 🜂 | D83: Live debut | G83: =_xlfn.XLOOKUP(C83,songs!B:B,songs!A:A,"") -> Symbol I : Fire | H83: {=_xlfn.XLOOKUP(A83&G83,song_live_history!D:D&song_live_history!A:A,song_live_history!F:F,"")} -> https://www.acfun.cn/v/ac47931569
A84: Ave Mujica 2nd LIVE「Quaerere Lumina」神奈川公演 | B84: M08 | C84: KINGS | D84: COVER | E84: Originally by angela「K」OP | G84: =_xlfn.XLOOKUP(C84,songs!B:B,songs!A:A,"") -> KINGS | H84: {=_xlfn.XLOOKUP(A84&G84,song_live_history!D:D&song_live_history!A:A,song_live_history!F:F,"")} -> https://www.acfun.cn/v/ac47931710_3
A85: Ave Mujica 2nd LIVE「Quaerere Lumina」神奈川公演 | B85: M09 | C85: 堕天 | D85: COVER | E85: Originally by Creepy Nuts「彻夜之歌」OP | G85: =_xlfn.XLOOKUP(C85,songs!B:B,songs!A:A,"") -> Daten | H85: {=_xlfn.XLOOKUP(A85&G85,song_live_history!D:D&song_live_history!A:A,song_live_history!F:F,"")} -> https://www.acfun.cn/v/ac47932763_3
A86: Ave Mujica 2nd LIVE「Quaerere Lumina」神奈川公演 | C86: Interlude | D86: Monologues | E86: 预录念白 | G86: =_xlfn.XLOOKUP(C86,songs!B:B,songs!A:A,"") | H86: {=_xlfn.XLOOKUP(A86&G86,song_live_history!D:D&song_live_history!A:A,song_live_history!F:F,"")}
A87: Ave Mujica 2nd LIVE「Quaerere Lumina」神奈川公演 | B87: M10 | C87: Symbol II : 🜁 | D87: Live debut | G87: =_xlfn.XLOOKUP(C87,songs!B:B,songs!A:A,"") -> Symbol II : Air | H87: {=_xlfn.XLOOKUP(A87&G87,song_live_history!D:D&song_live_history!A:A,song_live_history!F:F,"")} -> https://www.acfun.cn/v/ac47933063
A88: Ave Mujica 2nd LIVE「Quaerere Lumina」神奈川公演 | B88: M11 | C88: Choir 'S' Choir | G88: =_xlfn.XLOOKUP(C88,songs!B:B,songs!A:A,"") -> Choir 'S' Choir | H88: {=_xlfn.XLOOKUP(A88&G88,song_live_history!D:D&song_live_history!A:A,song_live_history!F:F,"")} -> https://www.acfun.cn/v/ac47935101_3
A89: Ave Mujica 2nd LIVE「Quaerere Lumina」神奈川公演 | B89: M12 | C89: ふたつの月 ~Deep Into The Forest~ | G89: =_xlfn.XLOOKUP(C89,songs!B:B,songs!A:A,"") -> Two Moons | H89: {=_xlfn.XLOOKUP(A89&G89,song_live_history!D:D&song_live_history!A:A,song_live_history!F:F,"")} -> https://www.acfun.cn/v/ac47931075_3
A90: Ave Mujica 2nd LIVE「Quaerere Lumina」神奈川公演 | B90: M13 | C90: 黒のバースデイ | G90: =_xlfn.XLOOKUP(C90,songs!B:B,songs!A:A,"") -> Black Birthday | H90: {=_xlfn.XLOOKUP(A90&G90,song_live_history!D:D&song_live_history!A:A,song_live_history!F:F,"")} -> https://www.acfun.cn/v/ac47932539_3
A91: Ave Mujica 2nd LIVE「Quaerere Lumina」神奈川公演 | C91: Interlude | D91: Monologues | E91: 预录念白 | G91: =_xlfn.XLOOKUP(C91,songs!B:B,songs!A:A,"") | H91: {=_xlfn.XLOOKUP(A91&G91,song_live_history!D:D&song_live_history!A:A,song_live_history!F:F,"")}
A92: Ave Mujica 2nd LIVE「Quaerere Lumina」神奈川公演 | C92: Outro | D92: Instrumental | E92: Symbol III : 🜄伴奏 | G92: =_xlfn.XLOOKUP(C92,songs!B:B,songs!A:A,"") | H92: {=_xlfn.XLOOKUP(A92&G92,song_live_history!D:D&song_live_history!A:A,song_live_history!F:F,"")}
A93: Ave Mujica 2nd LIVE「Quaerere Lumina」爱知公演 | B93: M01 | C93: 素晴らしき世界 でも どこにもない場所 | G93: =_xlfn.XLOOKUP(C93,songs!B:B,songs!A:A,"") -> Utopia | H93: {=_xlfn.XLOOKUP(A93&G93,song_live_history!D:D&song_live_history!A:A,song_live_history!F:F,"")} -> 0
A94: Ave Mujica 2nd LIVE「Quaerere Lumina」爱知公演 | B94: M02 | C94: Ave Mujica | G94: =_xlfn.XLOOKUP(C94,songs!B:B,songs!A:A,"") -> Ave Mujica | H94: {=_xlfn.XLOOKUP(A94&G94,song_live_history!D:D&song_live_history!A:A,song_live_history!F:F,"")} -> 0
A95: Ave Mujica 2nd LIVE「Quaerere Lumina」爱知公演 | B95: M03 | C95: Angles | G95: =_xlfn.XLOOKUP(C95,songs!B:B,songs!A:A,"") -> Angles | H95: {=_xlfn.XLOOKUP(A95&G95,song_live_history!D:D&song_live_history!A:A,song_live_history!F:F,"")} -> 0
A96: Ave Mujica 2nd LIVE「Quaerere Lumina」爱知公演 | C96: Interlude | D96: Monologues | E96: 预录念白 | G96: =_xlfn.XLOOKUP(C96,songs!B:B,songs!A:A,"") | H96: {=_xlfn.XLOOKUP(A96&G96,song_live_history!D:D&song_live_history!A:A,song_live_history!F:F,"")}
A97: Ave Mujica 2nd LIVE「Quaerere Lumina」爱知公演 | B97: M04 | C97: 暗黒天国 | D97: COVER | E97: Originally by ALI PROJECT「小女神花铃」OP | G97: =_xlfn.XLOOKUP(C97,songs!B:B,songs!A:A,"") -> Ankoku Tengoku | H97: {=_xlfn.XLOOKUP(A97&G97,song_live_history!D:D&song_live_history!A:A,song_live_history!F:F,"")} -> 0
A98: Ave Mujica 2nd LIVE「Quaerere Lumina」爱知公演 | B98: M05 | C98: Mas?uerade Rhapsody Re?uest | G98: =_xlfn.XLOOKUP(C98,songs!B:B,songs!A:A,"") -> Mas?uerade Rhapsody Re?uest | H98: {=_xlfn.XLOOKUP(A98&G98,song_live_history!D:D&song_live_history!A:A,song_live_history!F:F,"")} -> 0
A99: Ave Mujica 2nd LIVE「Quaerere Lumina」爱知公演 | B99: M06 | C99: 神さま、バカ | G99: =_xlfn.XLOOKUP(C99,songs!B:B,songs!A:A,"") -> Memento Mori | H99: {=_xlfn.XLOOKUP(A99&G99,song_live_history!D:D&song_live_history!A:A,song_live_history!F:F,"")} -> 0
A100: Ave Mujica 2nd LIVE「Quaerere Lumina」爱知公演 | C100: Interlude | D100: Monologues | E100: 预录念白 | G100: =_xlfn.XLOOKUP(C100,songs!B:B,songs!A:A,"") | H100: {=_xlfn.XLOOKUP(A100&G100,song_live_history!D:D&song_live_history!A:A,song_live_history!F:F,"")}
...

Sheet backstage
A1: live_name | B1: photo | C1: credit | D1: credit_text | E1: source_url | F1: source_label | G1: group_id
A2: Ave Mujica 0th LIVE「Primo die in scaena」 | B2: ../images/0thlive返图1.webp | C2: @bang_dream_info | D2: 官方LIVE返图 | E2: https://x.com/i/status/1665312605727256576 | F2: yes | G2: 0th LIVE 官推
A3: Ave Mujica 0th LIVE「Primo die in scaena」 | B3: ../images/0thlive返图2.webp | C3: @bang_dream_info | D3: 官方LIVE返图 | E3: https://x.com/i/status/1665312605727256576 | F3: yes | G3: 0th LIVE 官推
A4: Ave Mujica 0th LIVE「Primo die in scaena」 | B4: ../images/0thlive返图3.webp | C4: @bang_dream_info | D4: 官方LIVE返图 | E4: https://x.com/i/status/1665312605727256576 | F4: yes | G4: 0th LIVE 官推
A5: Ave Mujica 0th LIVE「Primo die in scaena」 | B5: ../images/0thlive返图4.webp | C5: @bang_dream_info | D5: 官方LIVE返图 | E5: https://x.com/i/status/1665312605727256576 | F5: yes | G5: 0th LIVE 官推
A6: Ave Mujica 0th LIVE「Primo die in scaena」 | B6: ../images/0thlive返图5.webp | C6: @bang_dream_info | D6: 官方LIVE返图 | E6: https://x.com/i/status/1665312605727256576 | F6: yes | G6: 0th LIVE 官推
A7: Ave Mujica 0th LIVE「Primo die in scaena」 | B7: ../images/0thlive返图6.webp | C7: @bang_dream_info | D7: 官方LIVE返图 | E7: https://x.com/i/status/1665312605727256576 | F7: yes | G7: 0th LIVE 官推
A8: Ave Mujica 0th LIVE「Primo die in scaena」 | B8: ../images/0thlive返图7.webp | C8: @bang_dream_info | D8: 官方LIVE返图 | E8: https://x.com/i/status/1665312605727256576 | F8: yes | G8: 0th LIVE 官推
A9: Ave Mujica 0th LIVE「Primo die in scaena」 | B9: ../images/0thlive返图8.webp | C9: @bang_dream_info | D9: 官方LIVE返图 | E9: https://x.com/i/status/1665312605727256576 | F9: yes | G9: 0th LIVE 官推
A10: Ave Mujica 0th LIVE「Primo die in scaena」 | B10: ../images/0thlive返图9.webp | C10: @bang_dream_info | D10: 官方LIVE返图 | E10: https://x.com/i/status/1665312605727256576 | F10: yes | G10: 0th LIVE 官推
A11: SUMMER SONIC 2026 OSAKA | B11: ../images/ss26_osaka_bang01.webp | C11: @bang_dream_info | D11: 官方LIVE返图 | E11: https://x.com/bang_dream_info/status/2088182616268910792?s=20 | F11: yes
A12: SUMMER SONIC 2026 OSAKA | B12: ../images/ss26_osaka_am01.webp | C12: Summer Sonic | D12: Summer Sonic 官方返图 | E12: https://www.summersonic.com/2026live/detail/ave-mujica-2/#galleryMain | F12: yes | G12: ss大阪ss官方返图
A13: SUMMER SONIC 2026 OSAKA | B13: ../images/ss26_osaka_am02.webp | C13: Summer Sonic | D13: Summer Sonic 官方返图 | E13: https://www.summersonic.com/2026live/detail/ave-mujica-2/#galleryMain | F13: yes | G13: ss大阪ss官方返图
A14: SUMMER SONIC 2026 OSAKA | B14: ../images/ss26_osaka_am03.webp | C14: Summer Sonic | D14: Summer Sonic 官方返图 | E14: https://www.summersonic.com/2026live/detail/ave-mujica-2/#galleryMain | F14: yes | G14: ss大阪ss官方返图
A15: SUMMER SONIC 2026 OSAKA | B15: ../images/ss26_osaka_am04.webp | C15: Summer Sonic | D15: Summer Sonic 官方返图 | E15: https://www.summersonic.com/2026live/detail/ave-mujica-2/#galleryMain | F15: yes | G15: ss大阪ss官方返图
A16: SUMMER SONIC 2026 OSAKA | B16: ../images/ss26_osaka_am05.webp | C16: Summer Sonic | D16: Summer Sonic 官方返图 | E16: https://www.summersonic.com/2026live/detail/ave-mujica-2/#galleryMain | F16: yes | G16: ss大阪ss官方返图
A17: SUMMER SONIC 2026 OSAKA | B17: ../images/ss26_osaka_am06.webp | C17: Summer Sonic | D17: Summer Sonic 官方返图 | E17: https://www.summersonic.com/2026live/detail/ave-mujica-2/#galleryMain | F17: yes | G17: ss大阪ss官方返图
A18: SUMMER SONIC 2026 OSAKA | B18: ../images/ss26_osaka_am07.webp | C18: Summer Sonic | D18: Summer Sonic 官方返图 | E18: https://www.summersonic.com/2026live/detail/ave-mujica-2/#galleryMain | F18: yes | G18: ss大阪ss官方返图
A19: SUMMER SONIC 2026 OSAKA | B19: ../images/ss26_osaka_am08.webp | C19: Summer Sonic | D19: Summer Sonic 官方返图 | E19: https://www.summersonic.com/2026live/detail/ave-mujica-2/#galleryMain | F19: yes | G19: ss大阪ss官方返图
A20: SUMMER SONIC 2026 OSAKA | B20: ../images/ss26_osaka_am09.webp | C20: Summer Sonic | D20: Summer Sonic 官方返图 | E20: https://www.summersonic.com/2026live/detail/ave-mujica-2/#galleryMain | F20: yes | G20: ss大阪ss官方返图
A21: SUMMER SONIC 2026 OSAKA | B21: ../images/ss26_osaka_am10.webp | C21: Summer Sonic | D21: Summer Sonic 官方返图 | E21: https://www.summersonic.com/2026live/detail/ave-mujica-2/#galleryMain | F21: yes | G21: ss大阪ss官方返图
A22: SUMMER SONIC 2026 OSAKA | B22: ../images/ss26_osaka_am11.webp | C22: Summer Sonic | D22: Summer Sonic 官方返图 | E22: https://www.summersonic.com/2026live/detail/ave-mujica-2/#galleryMain | F22: yes | G22: ss大阪ss官方返图
A23: SUMMER SONIC 2026 OSAKA | B23: ../images/ss26_osaka_wts01.webp | C23: Mortis | D23: 把酷暑也一并卷入，拼尽全力 | E23: https://x.com/Watase_Yuzuki/status/2088065379088347150?s=20 | F23: yes | G23: ss大阪结月
... A35: SUMMER SONIC 2026 OSAKA | B35: ../images/ss26_osaka_akn03.webp | C35: Amoris | D35: Let’s gooo✋🏻👩🏻🤚🏻🥁🔥 | E35: https://x.com/AkaneY_banu/status/2088776461314658317?s=20 | F35: yes | G35: ss大阪茜
A36: SUMMER SONIC 2026 OSAKA | B36: ../images/ss26_osaka_akn04.webp | C36: Amoris | E36: https://www.instagram.com/p/DcKz4TiIKnr/?igsi=MWF2bTdnNXFyNXNybg== | F36: yes | G36: ss大阪茜
A37: SUMMER SONIC 2026 OSAKA | B37: ../images/ss26_osaka_nn01.webp | C37: Oblivionis | D37: 要上咯！！！！！🤘 | E37: https://x.com/Kanon_Takao/status/2088068841750577436?s=20 | F37: yes | G37: ss大阪弄
A38: SUMMER SONIC 2026 OSAKA | B38: ../images/ss26_osaka_nn02.webp | C38: Oblivionis | D38: 谢谢！！！！！❤️‍🔥🤘 Ave Mujica Key.Oblibionis 🎹 | E38: https://x.com/Kanon_Takao/status/2088179763735396687?s=20 | F38: yes | G38: ss大阪弄
A39: SUMMER SONIC 2026 OSAKA | B39: ../images/ss26_osaka_nn03.webp | C39: Oblivionis | D39: ©SUMMER SONIC All Rights Reserved. ❤️‍🔥🎹🌙 | E39: https://x.com/Kanon_Takao/status/2088627188316930108?s=20 | F39: yes | G39: ss大阪弄
A40: SUMMER SONIC 2026 OSAKA | B40: ../images/ss26_osaka_nn04.webp | C40: Oblivionis | D40: ©SUMMER SONIC All Rights Reserved. 今天…⚙️ Ave Mujica Key. Oblivionis 🎹🌙 | E40: https://x.com/Kanon_Takao/status/2088823105057853755?s=20 | F40: yes | G40: ss大阪弄
A41: SUMMER SONIC 2026 OSAKA | B41: ../images/ss26_osaka_nn05.webp | C41: Oblivionis | E41: https://www.instagram.com/p/DcGopDjj59f/?img_index=6&igsi=c20wcmhuZjg3cHhr | F41: yes | G41: ss大阪弄
A42: SUMMER SONIC 2026 OSAKA | B42: ../images/ss26_osaka_nn06.webp | C42: Oblivionis | E42: https://www.instagram.com/p/DcGopDjj59f/?img_index=6&igsi=c20wcmhuZjg3cHhr | F42: yes | G42: ss大阪弄
A43: SUMMER SONIC 2026 OSAKA | B43: ../images/ss26_osaka_nn07.webp | C43: Oblivionis | E43: https://www.instagram.com/p/DcGopDjj59f/?img_index=6&igsi=c20wcmhuZjg3cHhr | F43: yes | G43: ss大阪弄
A44: SUMMER SONIC 2026 OSAKA | B44: ../images/ss26_osaka_nn08.webp | C44: Oblivionis | E44: https://www.instagram.com/p/DcGopDjj59f/?img_index=6&igsi=c20wcmhuZjg3cHhr | F44: yes | G44: ss大阪弄
A45: SUMMER SONIC 2026 OSAKA | B45: ../images/ss26_osaka_nn09.webp | C45: Oblivionis | E45: https://www.instagram.com/p/DcGopDjj59f/?img_index=6&igsi=c20wcmhuZjg3cHhr | F45: yes | G45: ss大阪弄
A46: SUMMER SONIC 2026 TOKYO | B46: ../images/ss26_tokyo_bang01.webp | C46: @bang_dream_info | D46: 官方LIVE返图 | E46: https://x.com/bang_dream_info/status/2088892974197617058?s=20 | F46: yes
A47: SUMMER SONIC 2026 TOKYO | B47: ../images/ss26_metal01.webp | C47: @BABYMETAL_JAPAN | D47: BABYMETAL返图 | E47: https://x.com/BABYMETAL_JAPAN/status/2089290445172125822?s=20 | F47: yes
A48: SUMMER SONIC 2026 TOKYO | B48: ../images/ss26_metal02.webp | C48: @RollingStoneJapan | D48: RollingStoneJapan访谈返图 | E48: https://rollingstonejapan.com/articles/detail/45248 | F48: yes | G48: ss东京滚石
A49: SUMMER SONIC 2026 TOKYO | B49: ../images/ss26_metal03.webp | C49: @RollingStoneJapan | D49: RollingStoneJapan访谈返图 | E49: https://rollingstonejapan.com/articles/detail/45248 | F49: yes | G49: ss东京滚石
A50: SUMMER SONIC 2026 TOKYO | B50: ../images/ss26_tokyo_am01.webp | C50: Summer Sonic | D50: Summer Sonic 官方返图 | E50: https://www.summersonic.com/en/2026live/detail/ave-mujica/ | F50: yes | G50: ss东京ss官方返图
A51: SUMMER SONIC 2026 TOKYO | B51: ../images/ss26_tokyo_am02.webp | C51: Summer Sonic | D51: Summer Sonic 官方返图 | E51: https://www.summersonic.com/en/2026live/detail/ave-mujica/ | F51: yes | G51: ss东京ss官方返图
A52: SUMMER SONIC 2026 TOKYO | B52: ../images/ss26_tokyo_am03.webp | C52: Summer Sonic | D52: Summer Sonic 官方返图 | E52: https://www.summersonic.com/en/2026live/detail/ave-mujica/ | F52: yes | G52: ss东京ss官方返图
A53: SUMMER SONIC 2026 TOKYO | B53: ../images/ss26_tokyo_am04.webp | C53: Summer Sonic | D53: Summer Sonic 官方返图 | E53: https://www.summersonic.com/en/2026live/detail/ave-mujica/ | F53: yes | G53: ss东京ss官方返图
A54: SUMMER SONIC 2026 TOKYO | B54: ../images/ss26_tokyo_am05.webp | C54: Summer Sonic | D54: Summer Sonic 官方返图 | E54: https://www.summersonic.com/en/2026live/detail/ave-mujica/ | F54: yes | G54: ss东京ss官方返图
A55: SUMMER SONIC 2026 TOKYO | B55: ../images/ss26_tokyo_am06.webp | C55: Summer Sonic | D55: Summer Sonic 官方返图 | E55: https://www.summersonic.com/en/2026live/detail/ave-mujica/ | F55: yes | G55: ss东京ss官方返图
A56: SUMMER SONIC 2026 TOKYO | B56: ../images/ss26_tokyo_am07.webp | C56: Summer Sonic | D56: Summer Sonic 官方返图 | E56: https://www.summersonic.com/en/2026live/detail/ave-mujica/ | F56: yes | G56: ss东京ss官方返图
A57: SUMMER SONIC 2026 TOKYO | B57: ../images/ss26_tokyo_am08.webp | C57: Summer Sonic | D57: Summer Sonic 官方返图 | E57: https://www.summersonic.com/en/2026live/detail/ave-mujica/ | F57: yes | G57: ss东京ss官方返图
A58: SUMMER SONIC 2026 TOKYO | B58: ../images/ss26_tokyo_am09.webp | C58: Summer Sonic | D58: Summer Sonic 官方返图 | E58: https://www.summersonic.com/en/2026live/detail/ave-mujica/ | F58: yes | G58: ss东京ss官方返图
A59: SUMMER SONIC 2026 TOKYO | B59: ../images/ss26_tokyo_am10.webp | C59: Summer Sonic | D59: Summer Sonic 官方返图 | E59: https://www.summersonic.com/en/2026live/detail/ave-mujica/ | F59: yes | G59: ss东京ss官方返图
... A62: SUMMER SONIC 2026 TOKYO | B62: ../images/ss26_tokyo_wts02.webp | C62: Mortis | D62: mortis | E62: https://x.com/Watase_Yuzuki/status/2089309227349320029?s=20 | F62: yes | G62: ss东京结月
A63: SUMMER SONIC 2026 TOKYO | B63: ../images/ss26_tokyo_rico.webp | C63: Doloris | D63: METAL！！！！！！ 🤘🤘🤘🔥🔥🔥 Ave Mujica Gt.&Vo. Doloris | E63: https://x.com/sasakirico/status/2088912851788599553?s=20 | F63: yes
A64: SUMMER SONIC 2026 TOKYO | B64: ../images/ss26_tokyo_okd.webp | C64: Timoris | D64: 太棒了…🌙🔥非常感谢⋆✦Ave Mujica ☪︎ Ba. Timoris 🎸🐺· | E64: https://x.com/okada_mei0519/status/2088915247579247066?s=20 | F64: yes
A65: SUMMER SONIC 2026 TOKYO | B65: ../images/ss26_tokyo_akn01.webp | C65: Amoris | D65: Thank you❤️🥁 | E65: https://x.com/AkaneY_banu/status/2088959677946302697?s=20 | F65: yes | G65: ss东京茜
A66: SUMMER SONIC 2026 TOKYO | B66: ../images/ss26_tokyo_akn02.webp | C66: Amoris | E66: https://x.com/AkaneY_banu/status/2088971771043250400?s=20 | F66: yes | G66: ss东京茜
A67: SUMMER SONIC 2026 TOKYO | B67: ../images/ss26_tokyo_akn03.webp | C67: Amoris | D67: 🦊🥁 | E67: https://x.com/AkaneY_banu/status/2090331116557455635?s=20 | F67: yes | G67: ss东京茜
A68: SUMMER SONIC 2026 TOKYO | B68: ../images/ss26_tokyo_nn01.webp | C68: Oblivionis | D68: 非常感谢…！！！🌙⚙️ 最棒！！！🤘❤️‍🔥 Ave Mujica Key. Oblivionis🎹💠 | E68: https://x.com/Kanon_Takao/status/2088894417797296397?s=20 | F68: yes | G68: ss东京弄弄
A69: SUMMER SONIC 2026 TOKYO | B69: ../images/ss26_tokyo_nn02.webp | C69: Oblivionis | D69: 非常感谢…！！！🌙⚙️ 最棒！！！🤘❤️‍🔥 Ave Mujica Key. Oblivionis🎹💠 | E69: https://x.com/Kanon_Takao/status/2088894417797296397?s=20 | F69: yes | G69: ss东京弄弄
A70: SUMMER SONIC 2026 TOKYO | B70: ../images/ss26_tokyo_nn03.webp | C70: Oblivionis | D70: ©SUMMER SONIC All Rights Reserved. 渐燃而上…… 🔥🎹 | E70: https://x.com/Kanon_Takao/status/2089235321276027276?s=20 | F70: yes | G70: ss东京弄弄
A71: Animelo Summer Live 2024 -Stargazer- | B71: ../images/asl2024_am01.webp | C71: @SPICE | D71: SPICE LIVE返图 | E71: https://spice.eplus.jp/articles/331632 | F71: yes
A72: Animelo Summer Live 2024 -Stargazer- | B72: ../images/asl2024_am02.webp | C72: @NATALIE | D72: NATALIE LIVE返图 | E72: https://natalie.mu/comic/gallery/news/588794/2400212 | F72: yes
A73: Roselia「Stille Nacht, Rosen Nacht」 | B73: ../images/roseliasnrn_am01.webp | C73: @SPICE | D73: SPICE LIVE返图 | E73: https://spice.eplus.jp/articles/334303 | F73: yes | G73: roseliasnrn全员
A74: Roselia「Stille Nacht, Rosen Nacht」 | B74: ../images/roseliasnrn_am02.webp | C74: @SPICE | D74: SPICE LIVE返图 | E74: https://spice.eplus.jp/articles/334303 | F74: yes | G74: roseliasnrn全员
A75: Roselia「Stille Nacht, Rosen Nacht」 | B75: ../images/roseliasnrn_am03.webp | C75: @SPICE | D75: SPICE LIVE返图 | E75: https://spice.eplus.jp/articles/334303 | F75: yes | G75: roseliasnrn全员
A76: リスアニ!LIVE 2025 SATURDAY STAGE | B76: ../images/lisani2025_am02.webp | C76: @LISANI | D76: lisani LIVE返图 | E76: https://www.lisani.jp/0000274982/ | F76: yes | G76: lisani全员
A77: リスアニ!LIVE 2025 SATURDAY STAGE | B77: ../images/lisani2025_am03.webp | C77: @LISANI | D77: lisani LIVE返图 | E77: https://www.lisani.jp/0000274982/ | F77: yes | G77: lisani全员
A78: リスアニ!LIVE 2025 SATURDAY STAGE | B78: ../images/lisani2025_am04.webp | C78: @LISANI | D78: lisani LIVE返图 | E78: https://www.lisani.jp/0000274982/ | F78: yes | G78: lisani全员
A79: リスアニ!LIVE 2025 SATURDAY STAGE | B79: ../images/lisani2025_am05.webp | C79: @LISANI | D79: lisani LIVE返图 | E79: https://www.lisani.jp/0000274982/ | F79: yes | G79: lisani全员
A80: リスアニ!LIVE 2025 SATURDAY STAGE | B80: ../images/lisani2025_am06.webp | C80: @LISANI | D80: lisani LIVE返图 | E80: https://www.lisani.jp/0000274982/ | F80: yes | G80: lisani全员
A81: リスアニ!LIVE 2025 SATURDAY STAGE | B81: ../images/lisani2025_am07.webp | C81: @LISANI | D81: lisani LIVE返图 | E81: https://www.lisani.jp/0000274982/ | F81: yes | G81: lisani全员
A82: リスアニ!LIVE 2025 SATURDAY STAGE | B82: ../images/lisani2025_am08.webp | C82: @LISANI | D82: lisani LIVE返图 | E82: https://www.lisani.jp/0000274982/ | F82: yes | G82: lisani全员
A83: リスアニ!LIVE 2025 SATURDAY STAGE | B83: ../images/lisani2025_am09.webp | C83: @LISANI | D83: lisani LIVE返图 | E83: https://www.lisani.jp/0000274982/ | F83: yes | G83: lisani全员
A84: リスアニ!LIVE 2025 SATURDAY STAGE | B84: ../images/lisani2025_am01.webp | C84: @LISANI | D84: lisani 官方宣传图 | E84: https://x.com/Lis_Ani/status/1882697370993098886 | F84: yes | G84: lisani全员-2
A85: リスアニ!LIVE 2025 SATURDAY STAGE | B85: ../images/lisani2025_am10.webp | C85: @LISANI | D85: lisani 官方宣传图 | E85: https://x.com/Lis_Ani/status/1883066548900024440 | F85: yes | G85: lisani全员-2

Sheet gallery_images
A1: filename | B1: title | C1: date | D1: tags | E1: description
A2: ../images/0th kv假.webp | B2: 0th | C2: 45081 | D2: LIVE:Oth,kv:Oth | E2: 0th 主视图
A3: ../images/0thlive返图1.webp
A4: ../images/0thlive返图2.webp
A5: ../images/0thlive返图3.webp
A6: ../images/0thlive返图4.webp
A7: ../images/0thlive返图5.webp
A8: ../images/0thlive返图6.webp
A9: ../images/0thlive返图7.webp
A10: ../images/0thlive返图8.webp
A11: ../images/0thlive返图9.webp
A12: ../images/1st live kv.webp
A13: ../images/1st single通常.webp
A14: ../images/1st single限定.webp
... A114: ../images/黑色生日.webp

Sheet timeline
A1: date | B1: title | C1: category | D1: description | E1: tag | F1: media_type | G1: media_src | H1: media_caption | I1: media_url | J1: media_title
A2: 45081 | B2: Ave Mujica 0th LIVE「Primo die in scaena」 | C2: organization | D2: 「初次登台」 | E2: oml | F2: image | G2: images/logo/0th.webp | H2: 0th Live 主视图
A3: 2023/6/4 | B3: Ave Mujica 0th LIVE「Primo die in scaena」 | C3: organization | D3: 「初次登台」 | E3: oml | F3: link | I3: https://www.bilibili.com/video/BV1QsnXzBEWb | J3: 在线观看
A4: 2024/1/27 | B4: Ave Mujica 1st LIVE「Perdere Omnia」 | C4: organization | D4: 「破坏一切」 | E4: oml | F4: image | G4: images/logo/1st live logo.webp | H4: 1st Live Logo
A5: 2024/1/27 | B5: Ave Mujica 1st LIVE「Perdere Omnia」 | C5: organization | D5: 「破坏一切」 | E5: oml | F5: image | G5: images/1st live kv.webp | H5: 1st Live 主视图
A6: 2024/1/27 | B6: Ave Mujica 1st LIVE「Perdere Omnia」 | C6: organization | D6: 「破坏一切」 | E6: oml | F6: link | I6: https://www.bilibili.com/video/BV1XwFGzzEfn | J6: 在线观看
A7: 2023/4/10 | B7: 「黒のバースデイ」公开 | C7: organization | D7: 「黑色生日」 | E7: single | F7: image | G7: images/黑色生日.webp | H7: 黑色生日Cover
A8: 2023/4/10 | B8: 「黒のバースデイ」公开 | C8: organization | D8: 「黑色生日」 | E8: single | F8: link | I8: https://www.bilibili.com/video/BV16v4y1H7ZR | J8: 黑色生日MV
A9: 2023/4/17 | B9: 「ふたつの月 ~Deep Into The Forest~」公开 | C9: organization | D9: 「双月~Deep Into The Forest~」 | E9: single | F9: image | G9: images/双月.webp | H9: 双月Cover
A10: 2023/4/17 | B10: 「ふたつの月 ~Deep Into The Forest~」公开 | C10: organization | D10: 「双月~Deep Into The Forest~」 | E10: single | F10: link | I10: https://www.bilibili.com/video/BV1vs4y127DJ | J10: 双月MV
A11: 2023/4/23 | B11: 「Choir 'S' Choir」公开 | C11: organization | D11: 「Choir 'S' Choir」 | E11: single | F11: image | G11: images/CSC.webp | H11: CSC Cover
A12: 2023/4/23 | B12: 「Choir 'S' Choir」公开 | C12: organization | D12: 「Choir 'S' Choir」 | E12: single | F12: link | I12: https://www.bilibili.com/video/BV1Xg4y1j7Lt | J12: CSC MV
A13: 2023/5/7 | B13: 「神さま、バカ」公开 | C13: organization | D13: 「神明，笨蛋」 | E13: single | F13: image | G13: images/神蠢.webp | H13: 神明，笨蛋Cover
A14: 2023/5/7 | B14: 「神さま、バカ」公开 | C14: organization | D14: 「神明，笨蛋」 | E14: single | F14: link | I14: https://www.bilibili.com/video/BV1Ss4y137ML | J14: 神明，笨蛋MV
A15: 2023/5/21 | B15: 「Mas?uerade Rhapsody Re?uest」公开 | C15: organization | D15: 「Mas?uerade Rhapsody Re?uest」 | E15: single | F15: image | G15: images/MRR.webp | H15: MRR Cover
A16: 2023/5/21 | B16: 「Mas?uerade Rhapsody Re?uest」公开 | C16: organization | D16: 「Mas?uerade Rhapsody Re?uest」 | E16: single | F16: link | I16: https://www.bilibili.com/video/BV13g4y1c743 | J16: MRR MV
A17: 2023/9/13 | B17: Ave Mujica Mini Album「Alea jacta est」发售 | C17: organization | D17: 「骰子已被掷下」 | E17: album | F17: image | G17: images/骰子限定.webp | H17: 骰子专 Cover 限定
A18: 2023/9/13 | B18: Ave Mujica Mini Album「Alea jacta est」发售 | C18: organization | D18: 「骰子已被掷下」 | E18: album | F18: image | G18: images/骰子通常.webp | H18: 骰子专 Cover 通常
A19: 2023/9/13 | B19: Ave Mujica Mini Album「Alea jacta est」发售 | C19: organization | D19: 「骰子已被掷下」 | E19: album | F19: link | I19: https://music.163.com/#/album?id=175493343 | J19: 骰子专 网易云
A20: 2023/8/26 | B20: 弄李观看共友林鼓子参演的音乐剧「Neo Doll」 | C20: personal | D20: 处于声优未公开的阶段，两人一同观看林鼓子参演音乐剧「Neo Doll」，首次SNS公开互动 | E20: private | F20: image | G20: images/20230826-1.webp
A21: 2023/8/26 | B21: 弄李观看共友林鼓子参演的音乐剧「Neo Doll」 | C21: personal | D21: 处于声优未公开的阶段，两人一同观看林鼓子参演音乐剧「Neo Doll」，首次SNS公开互动 | E21: private | F21: image | G21: images/20230826-2.webp
A22: 2023/8/26 | B22: 弄李观看共友林鼓子参演的音乐剧「Neo Doll」 | C22: personal | D22: 处于声优未公开的阶段，两人一同观看林鼓子参演音乐剧「Neo Doll」，首次SNS公开互动 | E22: private | F22: link | I22: https://x.com/Kanon_Takao/status/1695354653582746087 | J22: 高尾奏音 X链接
A23: 2023/8/26 | B23: 弄李观看共友林鼓子参演的音乐剧「Neo Doll」 | C23: personal | D23: 处于声优未公开的阶段，两人一同观看林鼓子参演音乐剧「Neo Doll」，首次SNS公开互动 | E23: private | F23: link | I23: https://x.com/sasakirico/status/1695353330820899279 | J23: 佐佐木李子 X链接
A24: 2023/9/27 | B24: 弄李与共友林鼓子的三人蔷薇园之行 | C24: personal | D24: 首次有记载的外出游玩 佐佐木李子：和最喜欢的人们在玫瑰园度过了幸福的时光🌹 高尾奏音・林鼓子・佐佐木李子组成的 noncocorico！ 高尾奏音：之前和林鼓子酱、佐佐木李子酱三个人一起去玫瑰园玩啦🌹✨ 玫瑰的世界实在太美了，超级感动＼( 'ω')／ noncocorico聚在一起，心里就会觉得暖洋洋的…🥰 | E24: private | F24: image | G24: images/20230927-1.webp
A25: 2023/9/27 | B25: 弄李与共友林鼓子的三人蔷薇园之行 | C25: personal | D25: 首次有记载的外出游玩 佐佐木李子：和最喜欢的人们在玫瑰园度过了幸福的时光🌹 高尾奏音・林鼓子・佐佐木李子组成的 noncocorico！ 高尾奏音：之前和林鼓子酱、佐佐木李子酱三个人一起去玫瑰园玩啦🌹✨ 玫瑰的世界实在太美了，超级感动＼( 'ω')／ noncocorico聚在一起，心里就会觉得暖洋洋的…🥰 | E25: private | F25: image | G25: images/20230927-2.webp
A26: 2023/9/27 | B26: 弄李与共友林鼓子的三人蔷薇园之行 | C26: personal | D26: 首次有记载的外出游玩 佐佐木李子：和最喜欢的人们在玫瑰园度过了幸福的时光🌹 高尾奏音・林鼓子・佐佐木李子组成的 noncocorico！ 高尾奏音：之前和林鼓子酱、佐佐木李子酱三个人一起去玫瑰园玩啦🌹✨ 玫瑰的世界实在太美了，超级感动＼( 'ω')／ noncocorico聚在一起，心里就会觉得暖洋洋的…🥰 | E26: private | F26: image | G26: images/20230927-3.webp
A27: 2023/9/27 | B27: 弄李与共友林鼓子的三人蔷薇园之行 | C27: personal | D27: 首次有记载的外出游玩 佐佐木李子：和最喜欢的人们在玫瑰园度过了幸福的时光🌹 高尾奏音・林鼓子・佐佐木李子组成的 noncocorico！ 高尾奏音：之前和林鼓子酱、佐佐木李子酱三个人一起去玫瑰园玩啦🌹✨ 玫瑰的世界实在太美了，超级感动＼( 'ω')／ noncocorico聚在一起，心里就会觉得暖洋洋的…🥰 | E27: private | F27: image | G27: images/20230927-4.webp
A28: 2023/9/27 | B28: 弄李与共友林鼓子的三人蔷薇园之行 | C28: personal | D28: 首次有记载的外出游玩 佐佐木李子：和最喜欢的人们在玫瑰园度过了幸福的时光🌹 高尾奏音・林鼓子・佐佐木李子组成的 noncocorico！ 高尾奏音：之前和林鼓子酱、佐佐木李子酱三个人一起去玫瑰园玩啦🌹✨ 玫瑰的世界实在太美了，超级感动＼( 'ω')／ noncocorico聚在一起，心里就会觉得暖洋洋的…🥰 | E28: private | F28: image | G28: images/20230927-5.webp
A29: 2023/9/27 | B29: 弄李与共友林鼓子的三人蔷薇园之行 | C29: personal | D29: 首次有记载的外出游玩 佐佐木李子：和最喜欢的人们在玫瑰园度过了幸福的时光🌹 高尾奏音・林鼓子・佐佐木李子组成的 noncocorico！ 高尾奏音：之前和林鼓子酱、佐佐木李子酱三个人一起去玫瑰园玩啦🌹✨ 玫瑰的世界实在太美了，超级感动＼( 'ω')／ noncocorico聚在一起，心里就会觉得暖洋洋的…🥰 | E29: private | F29: image | G29: images/20230927-6.webp
A30: 2023/9/27 | B30: 弄李与共友林鼓子的三人蔷薇园之行 | C30: personal | D30: 首次有记载的外出游玩 佐佐木李子：和最喜欢的人们在玫瑰园度过了幸福的时光🌹 高尾奏音・林鼓子・佐佐木李子组成的 noncocorico！ 高尾奏音：之前和林鼓子酱、佐佐木李子酱三个人一起去玫瑰园玩啦🌹✨ 玫瑰的世界实在太美了，超级感动＼( 'ω')／ noncocorico聚在一起，心里就会觉得暖洋洋的…🥰 | E30: private | F30: image | G30: images/20230927-7.webp
A31: 2023/9/27 | B31: 弄李与共友林鼓子的三人蔷薇园之行 | C31: personal | D31: 首次有记载的外出游玩 佐佐木李子：和最喜欢的人们在玫瑰园度过了幸福的时光🌹 高尾奏音・林鼓子・佐佐木李子组成的 noncocorico！ 高尾奏音：之前和林鼓子酱、佐佐木李子酱三个人一起去玫瑰园玩啦🌹✨ 玫瑰的世界实在太美了，超级感动＼( 'ω')／ noncocorico聚在一起，心里就会觉得暖洋洋的…🥰 | E31: private | F31: link | I31: https://x.com/sasakirico/status/1706880332233105477 | J31: 佐佐木李子 X链接
A32: 2023/9/27 | B32: 弄李与共友林鼓子的三人蔷薇园之行 | C32: personal | D32: 首次有记载的外出游玩 佐佐木李子：和最喜欢的人们在玫瑰园度过了幸福的时光🌹 高尾奏音・林鼓子・佐佐木李子组成的 noncocorico！ 高尾奏音：之前和林鼓子酱、佐佐木李子酱三个人一起去玫瑰园玩啦🌹✨ 玫瑰的世界实在太美了，超级感动＼( 'ω')／ noncocorico聚在一起，心里就会觉得暖洋洋的…🥰 | E32: private | F32: link | I32: https://x.com/Kanon_Takao/status/1706878641228190181 | J32: 高尾奏音 X链接
A33: 2023/10/31 | B33: 弄李与米泽茜一起喝万圣节下午茶 | C33: personal | D33: 佐佐木李子：Happy Halloween！ 前几天，我们去品尝了万圣节主题的“紫罗兰下午茶”🎃💜 是和弄碳、也就是高尾奏音酱还有 茜、也就是米泽茜酱一起去的☺︎ 我们一会儿像小孩子一样闹腾，一会儿又非常认真地聊着音乐。。Love. 因为感觉意犹未尽没聊够，我们还在代代木公园散了会儿步哦！好想再一起出去玩啊～希望下次能5个人一起去‼︎ 高尾奏音：前阵子，我和佐佐木李子酱、米泽茜酱一起去喝了万圣节下午茶🎃🍬✨ 点心超级可爱呀～＼( 'ω')／ 之后我们三个人还一起去散了步哦～✌️ 希望下次AveMujica 全员能一起去…🥰⚙🌙 | E33: private | F33: image | G33: images/20231031-1.webp
A34: 2023/10/31 | B34: 弄李与米泽茜一起喝万圣节下午茶 | C34: personal | D34: 佐佐木李子：Happy Halloween！ 前几天，我们去品尝了万圣节主题的“紫罗兰下午茶”🎃💜 是和弄碳、也就是高尾奏音酱还有 茜、也就是米泽茜酱一起去的☺︎ 我们一会儿像小孩子一样闹腾，一会儿又非常认真地聊着音乐。。Love. 因为感觉意犹未尽没聊够，我们还在代代木公园散了会儿步哦！好想再一起出去玩啊～希望下次能5个人一起去‼︎ 高尾奏音：前阵子，我和佐佐木李子酱、米泽茜酱一起去喝了万圣节下午茶🎃🍬✨ 点心超级可爱呀～＼( 'ω')／ 之后我们三个人还一起去散了步哦～✌️ 希望下次AveMujica 全员能一起去…🥰⚙🌙 | E34: private | F34: image | G34: images/20231031-2.webp
A35: 2023/10/31 | B35: 弄李与米泽茜一起喝万圣节下午茶 | C35: personal | D35: 佐佐木李子：Happy Halloween！ 前几天，我们去品尝了万圣节主题的“紫罗兰下午茶”🎃💜 是和弄碳、也就是高尾奏音酱还有 茜、也就是米泽茜酱一起去的☺︎ 我们一会儿像小孩子一样闹腾，一会儿又非常认真地聊着音乐。。Love. 因为感觉意犹未尽没聊够，我们还在代代木公园散了会儿步哦！好想再一起出去玩啊～希望下次能5个人一起去‼︎ 高尾奏音：前阵子，我和佐佐木李子酱、米泽茜酱一起去喝了万圣节下午茶🎃🍬✨ 点心超级可爱呀～＼( 'ω')／ 之后我们三个人还一起去散了步哦～✌️ 希望下次AveMujica 全员能一起去…🥰⚙🌙 | E35: private | F35: image | G35: images/20231031-3.webp
A36: 2023/10/31 | B36: 弄李与米泽茜一起喝万圣节下午茶 | C36: personal | D36: 佐佐木李子：Happy Halloween！ 前几天，我们去品尝了万圣节主题的“紫罗兰下午茶”🎃💜 是和弄碳、也就是高尾奏音酱还有 茜、也就是米泽茜酱一起去的☺︎ 我们一会儿像小孩子一样闹腾，一会儿又非常认真地聊着音乐。。Love. 因为感觉意犹未尽没聊够，我们还在代代木公园散了会儿步哦！好想再一起出去玩啊～希望下次能5个人一起去‼︎ 高尾奏音：前阵子，我和佐佐木李子酱、米泽茜酱一起去喝了万圣节下午茶🎃🍬✨ 点心超级可爱呀～＼( 'ω')／ 之后我们三个人还一起去散了步哦～✌️ 希望下次AveMujica 全员能一起去…🥰⚙🌙 | E36: private | F36: image | G36: images/20231031-4.webp
A37: 2023/10/31 | B37: 弄李与米泽茜一起喝万圣节下午茶 | C37: personal | D37: 佐佐木李子：Happy Halloween！ 前几天，我们去品尝了万圣节主题的“紫罗兰下午茶”🎃💜 是和弄碳、也就是高尾奏音酱还有 茜、也就是米泽茜酱一起去的☺︎ 我们一会儿像小孩子一样闹腾，一会儿又非常认真地聊着音乐。。Love. 因为感觉意犹未尽没聊够，我们还在代代木公园散了会儿步哦！好想再一起出去玩啊～希望下次能5个人一起去‼︎ 高尾奏音：前阵子，我和佐佐木李子酱、米泽茜酱一起去喝了万圣节下午茶🎃🍬✨ 点心超级可爱呀～＼( 'ω')／ 之后我们三个人还一起去散了步哦～✌️ 希望下次AveMujica 全员能一起去…🥰⚙🌙 | E37: private | F37: image | G37: images/20231031-5.webp
A38: 2023/10/31 | B38: 弄李与米泽茜一起喝万圣节下午茶 | C38: personal | D38: 佐佐木李子：Happy Halloween！ 前几天，我们去品尝了万圣节主题的“紫罗兰下午茶”🎃💜 是和弄碳、也就是高尾奏音酱还有 茜、也就是米泽茜酱一起去的☺︎ 我们一会儿像小孩子一样闹腾，一会儿又非常认真地聊着音乐。。Love. 因为感觉意犹未尽没聊够，我们还在代代木公园散了会儿步哦！好想再一起出去玩啊～希望下次能5个人一起去‼︎ 高尾奏音：前阵子，我和佐佐木李子酱、米泽茜酱一起去喝了万圣节下午茶🎃🍬✨ 点心超级可爱呀～＼( 'ω')／ 之后我们三个人还一起去散了步哦～✌️ 希望下次AveMujica 全员能一起去…🥰⚙🌙 | E38: private | F38: image | G38: images/20231031-6.webp
A39: 2023/10/31 | B39: 弄李与米泽茜一起喝万圣节下午茶 | C39: personal | D39: 佐佐木李子：Happy Halloween！ 前几天，我们去品尝了万圣节主题的“紫罗兰下午茶”🎃💜 是和弄碳、也就是高尾奏音酱还有 茜、也就是米泽茜酱一起去的☺︎ 我们一会儿像小孩子一样闹腾，一会儿又非常认真地聊着音乐。。Love. 因为感觉意犹未尽没聊够，我们还在代代木公园散了会儿步哦！好想再一起出去玩啊～希望下次能5个人一起去‼︎ 高尾奏音：前阵子，我和佐佐木李子酱、米泽茜酱一起去喝了万圣节下午茶🎃🍬✨ 点心超级可爱呀～＼( 'ω')／ 之后我们三个人还一起去散了步哦～✌️ 希望下次AveMujica 全员能一起去…🥰⚙🌙 | E39: private | F39: image | G39: images/20231031-7.webp
A40: 2023/10/31 | B40: 弄李与米泽茜一起喝万圣节下午茶 | C40: personal | D40: 佐佐木李子：Happy Halloween！ 前几天，我们去品尝了万圣节主题的“紫罗兰下午茶”🎃💜 是和弄碳、也就是高尾奏音酱还有 茜、也就是米泽茜酱一起去的☺︎ 我们一会儿像小孩子一样闹腾，一会儿又非常认真地聊着音乐。。Love. 因为感觉意犹未尽没聊够，我们还在代代木公园散了会儿步哦！好想再一起出去玩啊～希望下次能5个人一起去‼︎ 高尾奏音：前阵子，我和佐佐木李子酱、米泽茜酱一起去喝了万圣节下午茶🎃🍬✨ 点心超级可爱呀～＼( 'ω')／ 之后我们三个人还一起去散了步哦～✌️ 希望下次AveMujica 全员能一起去…🥰⚙🌙 | E40: private | F40: image | G40: images/20231031-8.webp
A41: 2023/10/31 | B41: 弄李与米泽茜一起喝万圣节下午茶 | C41: personal | D41: 佐佐木李子：Happy Halloween！ 前几天，我们去品尝了万圣节主题的“紫罗兰下午茶”🎃💜 是和弄碳、也就是高尾奏音酱还有 茜、也就是米泽茜酱一起去的☺︎ 我们一会儿像小孩子一样闹腾，一会儿又非常认真地聊着音乐。。Love. 因为感觉意犹未尽没聊够，我们还在代代木公园散了会儿步哦！好想再一起出去玩啊～希望下次能5个人一起去‼︎ 高尾奏音：前阵子，我和佐佐木李子酱、米泽茜酱一起去喝了万圣节下午茶🎃🍬✨ 点心超级可爱呀～＼( 'ω')／ 之后我们三个人还一起去散了步哦～✌️ 希望下次AveMujica 全员能一起去…🥰⚙🌙 | E41: private | F41: link | I41: https://x.com/Kanon_Takao/status/1719212653686788414 | J41: 高尾奏音 X链接
A42: 2023/11/3 | B42: 「青山祭 2023」学院祭观星 | C42: personal | D42: 2024年ゆづるか活动后本人暴露，当时未公开 2024.11.02的佐佐木李子：去年（即2023年）和奏音碳一起去看的，青学祭里理工宇宙科学研究部的星象仪馆门票，到现在还一直珍藏着。。🌠 | E42: private | F42: image | G42: images/20241102-3.webp
A43: 2023/11/3 | B43: 「青山祭 2023」学院祭观星 | C43: personal | D43: 2024年ゆづるか活动后本人暴露，当时未公开 2024.11.02的佐佐木李子：去年（即2023年）和奏音碳一起去看的，青学祭里理工宇宙科学研究部的星象仪馆门票，到现在还一直珍藏着。。🌠 | E43: private | F43: link | I43: https://x.com/sasakirico/status/1852702392716026298 | J43: 佐佐木李子 X链接
A44: 2023/11/6 | B44: Cos初祥约会 | C44: personal | D44: 佐佐木李子：和高尾奏音酱一起去玩了🎀和のんたん聊天的时候 总觉得心灵被救赎了呢。。！我们一直在发消息聊天，感觉就像几乎每天都在一起一样，真的很幸福。 高尾奏音：前几天，和李子亲一起玩了🍅中途笑得太厉害，好几次肚子都笑痛了～谢谢你总是带给我这么幸福的时光😊✨我们俩还试着把衣服稍微搭配出了点初华和祥子的感觉……⚙💛💙🌙 | E44: private | F44: image | G44: images/20231106-1.webp
A45: 2023/11/6 | B45: Cos初祥约会 | C45: personal | D45: 佐佐木李子：和高尾奏音酱一起去玩了🎀和のんたん聊天的时候 总觉得心灵被救赎了呢。。！我们一直在发消息聊天，感觉就像几乎每天都在一起一样，真的很幸福。 高尾奏音：前几天，和李子亲一起玩了🍅中途笑得太厉害，好几次肚子都笑痛了～谢谢你总是带给我这么幸福的时光😊✨我们俩还试着把衣服稍微搭配出了点初华和祥子的感觉……⚙💛💙🌙 | E45: private | F45: image | G45: images/20231106-2.webp
A46: 2023/11/6 | B46: Cos初祥约会 | C46: personal | D46: 佐佐木李子：和高尾奏音酱一起去玩了🎀和のんたん聊天的时候 总觉得心灵被救赎了呢。。！我们一直在发消息聊天，感觉就像几乎每天都在一起一样，真的很幸福。 高尾奏音：前几天，和李子亲一起玩了🍅中途笑得太厉害，好几次肚子都笑痛了～谢谢你总是带给我这么幸福的时光😊✨我们俩还试着把衣服稍微搭配出了点初华和祥子的感觉……⚙💛💙🌙 | E46: private | F46: image | G46: images/20231106-3.webp
A47: 2023/11/6 | B47: Cos初祥约会 | C47: personal | D47: 佐佐木李子：和高尾奏音酱一起去玩了🎀和のんたん聊天的时候 总觉得心灵被救赎了呢。。！我们一直在发消息聊天，感觉就像几乎每天都在一起一样，真的很幸福。 高尾奏音：前几天，和李子亲一起玩了🍅中途笑得太厉害，好几次肚子都笑痛了～谢谢你总是带给我这么幸福的时光😊✨我们俩还试着把衣服稍微搭配出了点初华和祥子的感觉……⚙💛💙🌙 | E47: private | F47: image | G47: images/20231106-4.webp
A48: 2023/11/6 | B48: Cos初祥约会 | C48: personal | D48: 佐佐木李子：和高尾奏音酱一起去玩了🎀和のんたん聊天的时候 总觉得心灵被救赎了呢。。！我们一直在发消息聊天，感觉就像几乎每天都在一起一样，真的很幸福。 高尾奏音：前几天，和李子亲一起玩了🍅中途笑得太厉害，好几次肚子都笑痛了～谢谢你总是带给我这么幸福的时光😊✨我们俩还试着把衣服稍微搭配出了点初华和祥子的感觉……⚙💛💙🌙 | E48: private | F48: link | I48: https://x.com/sasakirico/status/1721524275415232783 | J48: 佐佐木李子 X链接
A49: 2023/11/6 | B49: Cos初祥约会 | C49: personal | D49: 佐佐木李子：和高尾奏音酱一起去玩了🎀和のんたん聊天的时候 总觉得心灵被救赎了呢。。！我们一直在发消息聊天，感觉就像几乎每天都在一起一样，真的很幸福。 高尾奏音：前几天，和李子亲一起玩了🍅中途笑得太厉害，好几次肚子都笑痛了～谢谢你总是带给我这么幸福的时光😊✨我们俩还试着把衣服稍微搭配出了点初华和祥子的感觉……⚙💛💙🌙 | E49: private | F49: link | I49: https://x.com/Kanon_Takao/status/1721376494658953388 | J49: 高尾奏音 X链接
A50: 2023/11/10 | B50: 高尾奏音为佐佐木李子生日庆生 | C50: personal | D50: 佐佐木李子：11/10的今天，我迎来生日啦🎂 一直以来非常感谢大家！！ 无论是唱歌、表演还是创作，我都会以“始终全力以赴”为座右铭！希望能给大家带来许多好消息！我想和大家共同分享着这份幸福，一起不断向前迈进✨ 今后也请多多关注李子亲哦☺︎ 大家发的生日祝福留言，我会去点赞的哦～！ | E50: private | F50: image | G50: images/20231110.webp
A51: 2023/11/10 | B51: 高尾奏音为佐佐木李子生日庆生 | C51: personal | D51: 佐佐木李子：11/10的今天，我迎来生日啦🎂 一直以来非常感谢大家！！ 无论是唱歌、表演还是创作，我都会以“始终全力以赴”为座右铭！希望能给大家带来许多好消息！我想和大家共同分享着这份幸福，一起不断向前迈进✨ 今后也请多多关注李子亲哦☺︎ 大家发的生日祝福留言，我会去点赞的哦～！ | E51: private | F51: image | G51: images/galleryless/20231110-推特回复.webp
A52: 2023/11/10 | B52: 高尾奏音为佐佐木李子生日庆生 | C52: personal | D52: 佐佐木李子：11/10的今天，我迎来生日啦🎂 一直以来非常感谢大家！！ 无论是唱歌、表演还是创作，我都会以“始终全力以赴”为座右铭！希望能给大家带来许多好消息！我想和大家共同分享着这份幸福，一起不断向前迈进✨ 今后也请多多关注李子亲哦☺︎ 大家发的生日祝福留言，我会去点赞的哦～！ | E52: private | F52: link | I52: https://x.com/sasakirico/status/1722630161089355896 | J52: 佐佐木李子 X链接
A53: 2023/11/20 | B53: 圣地巡礼约会 | C53: personal | D53: 私下庆生，天文馆情侣座事件，初祥桥打卡 高尾奏音：前几天，和佐佐木李子酱一起去约会了…＼( 'ω')／💛💙 还去了BanG Dream!MyGO动画里初华和祥子碰头的那座桥和天文馆哦🕊💫 楽既开心又有趣，一直笑个不停～❣️ 我们聊了很多，想要在 Ave Mujica 的活动中更加努力的心情也变得更加强烈了⚙🌙 最爱李子亲了！🥰 | E53: private | F53: image | G53: images/20231120-1.webp
A54: 2023/11/20 | B54: 圣地巡礼约会 | C54: personal | D54: 私下庆生，天文馆情侣座事件，初祥桥打卡 高尾奏音：前几天，和佐佐木李子酱一起去约会了…＼( 'ω')／💛💙 还去了BanG Dream!MyGO动画里初华和祥子碰头的那座桥和天文馆哦🕊💫 楽既开心又有趣，一直笑个不停～❣️ 我们聊了很多，想要在 Ave Mujica 的活动中更加努力的心情也变得更加强烈了⚙🌙 最爱李子亲了！🥰 | E54: private | F54: image | G54: images/20231120-2.webp
A55: 2023/11/20 | B55: 圣地巡礼约会 | C55: personal | D55: 私下庆生，天文馆情侣座事件，初祥桥打卡 高尾奏音：前几天，和佐佐木李子酱一起去约会了…＼( 'ω')／💛💙 还去了BanG Dream!MyGO动画里初华和祥子碰头的那座桥和天文馆哦🕊💫 楽既开心又有趣，一直笑个不停～❣️ 我们聊了很多，想要在 Ave Mujica 的活动中更加努力的心情也变得更加强烈了⚙🌙 最爱李子亲了！🥰 | E55: private | F55: image | G55: images/20231120-3.webp
A56: 2023/11/20 | B56: 圣地巡礼约会 | C56: personal | D56: 私下庆生，天文馆情侣座事件，初祥桥打卡 高尾奏音：前几天，和佐佐木李子酱一起去约会了…＼( 'ω')／💛💙 还去了BanG Dream!MyGO动画里初华和祥子碰头的那座桥和天文馆哦🕊💫 楽既开心又有趣，一直笑个不停～❣️ 我们聊了很多，想要在 Ave Mujica 的活动中更加努力的心情也变得更加强烈了⚙🌙 最爱李子亲了！🥰 | E56: private | F56: image | G56: images/20231120-4.webp
A57: 2023/11/20 | B57: 圣地巡礼约会 | C57: personal | D57: 私下庆生，天文馆情侣座事件，初祥桥打卡 高尾奏音：前几天，和佐佐木李子酱一起去约会了…＼( 'ω')／💛💙 还去了BanG Dream!MyGO动画里初华和祥子碰头的那座桥和天文馆哦🕊💫 楽既开心又有趣，一直笑个不停～❣️ 我们聊了很多，想要在 Ave Mujica 的活动中更加努力的心情也变得更加强烈了⚙🌙 最爱李子亲了！🥰 | E57: private | F57: link | I57: https://x.com/Kanon_Takao/status/1726525962450563173 | J57: 高尾奏音 X链接
A58: 2023/11/27 | B58: 高尾奏音展示佐佐木李子赠送的家居服 | C58: personal | D58: 佐佐木李子赠送给高尾奏音白色马尔济斯图案的家居服，引用回复 高尾奏音：这是我喜欢的家居服🐶 这是李子亲给我的喔〜穿上它连心都暖呼呼的☺️🌙 | E58: private | F58: image | G58: images/20231127.webp
A59: 2023/11/27 | B59: 高尾奏音展示佐佐木李子赠送的家居服 | C59: personal | D59: 佐佐木李子赠送给高尾奏音白色马尔济斯图案的家居服，引用回复 高尾奏音：这是我喜欢的家居服🐶 这是李子亲给我的喔〜穿上它连心都暖呼呼的☺️🌙 | E59: private | F59: image | G59: images/galleryless/20231127-推特回复.webp
A60: 2023/11/27 | B60: 高尾奏音展示佐佐木李子赠送的家居服 | C60: personal | D60: 佐佐木李子赠送给高尾奏音白色马尔济斯图案的家居服，引用回复 高尾奏音：这是我喜欢的家居服🐶 这是李子亲给我的喔〜穿上它连心都暖呼呼的☺️🌙 | E60: private | F60: link | I60: https://x.com/Kanon_Takao/status/1729060860918964345 | J60: 高尾奏音 X链接
A61: 2023/12/22 | B61: 弄李与米泽茜发表对彼此的印象感言 | C61: personal | D61: 李子→奏音：高尾奏音…是温柔与坚强兼具的圣人君子。是努力的化身。请放心，你一定会获得非常多的幸福。 奏音→李子：佐佐木李子…拥有丰沛的才华与温暖的人格。华美的歌声与平日可爱的言辞之间的反差绝妙无比。内心深藏的热忱与对周围人的温柔，打动了所有人的心。 | E61: private | F61: image | G61: images/20231222-1.webp
A62: 2023/12/22 | B62: 弄李与米泽茜发表对彼此的印象感言 | C62: personal | D62: 李子→奏音：高尾奏音…是温柔与坚强兼具的圣人君子。是努力的化身。请放心，你一定会获得非常多的幸福。 奏音→李子：佐佐木李子…拥有丰沛的才华与温暖的人格。华美的歌声与平日可爱的言辞之间的反差绝妙无比。内心深藏的热忱与对周围人的温柔，打动了所有人的心。 | E62: private | F62: image | G62: images/20231222-2.webp
A63: 2023/12/22 | B63: 弄李与米泽茜发表对彼此的印象感言 | C63: personal | D63: 李子→奏音：高尾奏音…是温柔与坚强兼具的圣人君子。是努力的化身。请放心，你一定会获得非常多的幸福。 奏音→李子：佐佐木李子…拥有丰沛的才华与温暖的人格。华美的歌声与平日可爱的言辞之间的反差绝妙无比。内心深藏的热忱与对周围人的温柔，打动了所有人的心。 | E63: private | F63: image | G63: images/20231222-3.webp
A64: 2023/12/22 | B64: 弄李与米泽茜发表对彼此的印象感言 | C64: personal | D64: 李子→奏音：高尾奏音…是温柔与坚强兼具的圣人君子。是努力的化身。请放心，你一定会获得非常多的幸福。 奏音→李子：佐佐木李子…拥有丰沛的才华与温暖的人格。华美的歌声与平日可爱的言辞之间的反差绝妙无比。内心深藏的热忱与对周围人的温柔，打动了所有人的心。 | E64: private | F64: link | I64: https://x.com/sasakirico/status/1738046322287218702 | J64: 佐佐木李子 X链接
A65: 2023/12/22 | B65: 弄李与米泽茜发表对彼此的印象感言 | C65: personal | D65: 李子→奏音：高尾奏音…是温柔与坚强兼具的圣人君子。是努力的化身。请放心，你一定会获得非常多的幸福。 奏音→李子：佐佐木李子…拥有丰沛的才华与温暖的人格。华美的歌声与平日可爱的言辞之间的反差绝妙无比。内心深藏的热忱与对周围人的温柔，打动了所有人的心。 | E65: private | F65: link | I65: https://x.com/Kanon_Takao/status/1738033106849038614 | J65: 高尾奏音 X链接
A66: 2023/12/27 | B66: Mujica年末出行游玩与年终总结 | C66: personal | D66: 玩水活动，全员在李子家聚会 大家所在的地方，永远是我的能量圣地…🌙⚙☺️ 2023年与 Ave Mujica 的大家共同度过的回忆📸 今年也非常感谢大家💙 一个月后就是 1st LIVE 了…🎼 希望明年也能和大家一起度过许多珍贵的时光🎹✨ | E66: private | F66: image | G66: images/20231227-1.webp
A67: 2023/12/27 | B67: Mujica年末出行游玩与年终总结 | C67: personal | D67: 玩水活动，全员在李子家聚会 大家所在的地方，永远是我的能量圣地…🌙⚙☺️ 2023年与 Ave Mujica 的大家共同度过的回忆📸 今年也非常感谢大家💙 一个月后就是 1st LIVE 了…🎼 希望明年也能和大家一起度过许多珍贵的时光🎹✨ | E67: private | F67: image | G67: images/20231227-2.webp
A68: 2023/12/27 | B68: Mujica年末出行游玩与年终总结 | C68: personal | D68: 玩水活动，全员在李子家聚会 大家所在的地方，永远是我的能量圣地…🌙⚙☺️ 2023年与 Ave Mujica 的大家共同度过的回忆📸 今年也非常感谢大家💙 一个月后就是 1st LIVE 了…🎼 希望明年也能和大家一起度过许多珍贵的时光🎹✨ | E68: private | F68: image | G68: images/20231227-3.webp
A69: 2023/12/27 | B69: Mujica年末出行游玩与年终总结 | C69: personal | D69: 玩水活动，全员在李子家聚会 大家所在的地方，永远是我的能量圣地…🌙⚙☺️ 2023年与 Ave Mujica 的大家共同度过的回忆📸 今年也非常感谢大家💙 一个月后就是 1st LIVE 了…🎼 希望明年也能和大家一起度过许多珍贵的时光🎹✨ | E69: private | F69: image | G69: images/20231227-4.webp
A70: 2023/12/27 | B70: Mujica年末出行游玩与年终总结 | C70: personal | D70: 玩水活动，全员在李子家聚会 大家所在的地方，永远是我的能量圣地…🌙⚙☺️ 2023年与 Ave Mujica 的大家共同度过的回忆📸 今年也非常感谢大家💙 一个月后就是 1st LIVE 了…🎼 希望明年也能和大家一起度过许多珍贵的时光🎹✨ | E70: private | F70: link | I70: https://x.com/Kanon_Takao/status/1739841229180014912 | J70: 高尾奏音 X链接
A71: 2023/12/31 | B71: Mujica年末读卖乐园之行 | C71: personal | D71: 结束全员行程后，两人进行了夜游，工厂游轮约会 佐佐木李子：我们去读卖乐园看宝石灯光秀啦！ 和回老家探亲的 茜打了视频电话，用照片召唤了她。。成为了AveMujica 5个人一起度过的年末☺︎ 感谢的话怎么也说不完。。一直以来真的非常感谢大家!! 2024年也要一起创造好多好多回忆哦！ 高尾奏音：年末也是和AveMujica 的成员们一起度过的🌙⚙️ 虽然茜碳回老家了没能见到面，但在灯光秀里跟她打了视频电话，能大家一起聊天真的好开心…！☺️ 正在计划下次5个人一起出去玩的日子🍀 祝大家过个好年……🕊 | E71: private | F71: image | G71: images/20231231-1.webp
A72: 2023/12/31 | B72: Mujica年末读卖乐园之行 | C72: personal | D72: 结束全员行程后，两人进行了夜游，工厂游轮约会 佐佐木李子：我们去读卖乐园看宝石灯光秀啦！ 和回老家探亲的 茜打了视频电话，用照片召唤了她。。成为了AveMujica 5个人一起度过的年末☺︎ 感谢的话怎么也说不完。。一直以来真的非常感谢大家!! 2024年也要一起创造好多好多回忆哦！ 高尾奏音：年末也是和AveMujica 的成员们一起度过的🌙⚙️ 虽然茜碳回老家了没能见到面，但在灯光秀里跟她打了视频电话，能大家一起聊天真的好开心…！☺️ 正在计划下次5个人一起出去玩的日子🍀 祝大家过个好年……🕊 | E72: private | F72: image | G72: images/20231231-2.webp
A73: 2023/12/31 | B73: Mujica年末读卖乐园之行 | C73: personal | D73: 结束全员行程后，两人进行了夜游，工厂游轮约会 佐佐木李子：我们去读卖乐园看宝石灯光秀啦！ 和回老家探亲的 茜打了视频电话，用照片召唤了她。。成为了AveMujica 5个人一起度过的年末☺︎ 感谢的话怎么也说不完。。一直以来真的非常感谢大家!! 2024年也要一起创造好多好多回忆哦！ 高尾奏音：年末也是和AveMujica 的成员们一起度过的🌙⚙️ 虽然茜碳回老家了没能见到面，但在灯光秀里跟她打了视频电话，能大家一起聊天真的好开心…！☺️ 正在计划下次5个人一起出去玩的日子🍀 祝大家过个好年……🕊 | E73: private | F73: image | G73: images/20231231-3.webp
A74: 2023/12/31 | B74: Mujica年末读卖乐园之行 | C74: personal | D74: 结束全员行程后，两人进行了夜游，工厂游轮约会 佐佐木李子：我们去读卖乐园看宝石灯光秀啦！ 和回老家探亲的 茜打了视频电话，用照片召唤了她。。成为了AveMujica 5个人一起度过的年末☺︎ 感谢的话怎么也说不完。。一直以来真的非常感谢大家!! 2024年也要一起创造好多好多回忆哦！ 高尾奏音：年末也是和AveMujica 的成员们一起度过的🌙⚙️ 虽然茜碳回老家了没能见到面，但在灯光秀里跟她打了视频电话，能大家一起聊天真的好开心…！☺️ 正在计划下次5个人一起出去玩的日子🍀 祝大家过个好年……🕊 | E74: private | F74: image | G74: images/20231231-4.webp
A75: 2023/12/31 | B75: Mujica年末读卖乐园之行 | C75: personal | D75: 结束全员行程后，两人进行了夜游，工厂游轮约会 佐佐木李子：我们去读卖乐园看宝石灯光秀啦！ 和回老家探亲的 茜打了视频电话，用照片召唤了她。。成为了AveMujica 5个人一起度过的年末☺︎ 感谢的话怎么也说不完。。一直以来真的非常感谢大家!! 2024年也要一起创造好多好多回忆哦！ 高尾奏音：年末也是和AveMujica 的成员们一起度过的🌙⚙️ 虽然茜碳回老家了没能见到面，但在灯光秀里跟她打了视频电话，能大家一起聊天真的好开心…！☺️ 正在计划下次5个人一起出去玩的日子🍀 祝大家过个好年……🕊 | E75: private | F75: image | G75: images/20231231-5.webp
A76: 2023/12/31 | B76: Mujica年末读卖乐园之行 | C76: personal | D76: 结束全员行程后，两人进行了夜游，工厂游轮约会 佐佐木李子：我们去读卖乐园看宝石灯光秀啦！ 和回老家探亲的 茜打了视频电话，用照片召唤了她。。成为了AveMujica 5个人一起度过的年末☺︎ 感谢的话怎么也说不完。。一直以来真的非常感谢大家!! 2024年也要一起创造好多好多回忆哦！ 高尾奏音：年末也是和AveMujica 的成员们一起度过的🌙⚙️ 虽然茜碳回老家了没能见到面，但在灯光秀里跟她打了视频电话，能大家一起聊天真的好开心…！☺️ 正在计划下次5个人一起出去玩的日子🍀 祝大家过个好年……🕊 | E76: private | F76: image | G76: images/20231231-6.webp
A77: 2023/12/31 | B77: Mujica年末读卖乐园之行 | C77: personal | D77: 结束全员行程后，两人进行了夜游，工厂游轮约会 佐佐木李子：我们去读卖乐园看宝石灯光秀啦！ 和回老家探亲的 茜打了视频电话，用照片召唤了她。。成为了AveMujica 5个人一起度过的年末☺︎ 感谢的话怎么也说不完。。一直以来真的非常感谢大家!! 2024年也要一起创造好多好多回忆哦！ 高尾奏音：年末也是和AveMujica 的成员们一起度过的🌙⚙️ 虽然茜碳回老家了没能见到面，但在灯光秀里跟她打了视频电话，能大家一起聊天真的好开心…！☺️ 正在计划下次5个人一起出去玩的日子🍀 祝大家过个好年……🕊 | E77: private | F77: link | I77: https://x.com/sasakirico/status/1741337107363438613 | J77: 佐佐木李子 X链接
A78: 2023/12/31 | B78: Mujica年末读卖乐园之行 | C78: personal | D78: 结束全员行程后，两人进行了夜游，工厂游轮约会 佐佐木李子：我们去读卖乐园看宝石灯光秀啦！ 和回老家探亲的 茜打了视频电话，用照片召唤了她。。成为了AveMujica 5个人一起度过的年末☺︎ 感谢的话怎么也说不完。。一直以来真的非常感谢大家!! 2024年也要一起创造好多好多回忆哦！ 高尾奏音：年末也是和AveMujica 的成员们一起度过的🌙⚙️ 虽然茜碳回老家了没能见到面，但在灯光秀里跟她打了视频电话，能大家一起聊天真的好开心…！☺️ 正在计划下次5个人一起出去玩的日子🍀 祝大家过个好年……🕊 | E78: private | F78: link | I78: https://x.com/Kanon_Takao/status/1741289446589542635 | J78: 高尾奏音 X链接
A79: 2023/12/31 | B79: 佐佐木李子挑战蹦极 | C79: personal | D79: 在读卖乐园挑战了蹦极，大家一起见证了，成为了日后一系列事情的伏笔 佐佐木李子：梦想说出口就会实现🚀 今年的梦想之一 『想要去跳蹦极！』达成了！！！！ (※跳下来的时候叫着“好喜欢！”) 冒着严寒一直等我，一边为我应援一边帮我录视频，而且还愿意陪我一起飞（跳）……能有这样的朋友在身边，是多么幸福的一件事啊。谢谢。 2023年、无悔了！！！ | E79: private | F79: video | G79: https://player.bilibili.com/player.html?bvid=BV11g4y167FS
A80: 2023/12/31 | B80: 佐佐木李子挑战蹦极 | C80: personal | D80: 在读卖乐园挑战了蹦极，大家一起见证了，成为了日后一系列事情的伏笔 佐佐木李子：梦想说出口就会实现🚀 今年的梦想之一 『想要去跳蹦极！』达成了！！！！ (※跳下来的时候叫着“好喜欢！”) 冒着严寒一直等我，一边为我应援一边帮我录视频，而且还愿意陪我一起飞（跳）……能有这样的朋友在身边，是多么幸福的一件事啊。谢谢。 2023年、无悔了！！！ | E80: private | F80: link | I80: https://x.com/sasakirico/status/1741410486938431510 | J80: 佐佐木李子 X链接
A81: 45652 | B81: 弄李出演第一次 MyMuji Bilibili限定直播 | C81: personal | D81: 大秀恩爱 大放异彩 | E81: business | F81: video | G81: https://player.bilibili.com/player.html?bvid=BV1Lq6pBZEde | I81: 第一次B限直播part1
A82: 45652 | B82: 弄李出演第一次 MyMuji Bilibili限定直播 | C82: personal | D82: 大秀恩爱 大放异彩 | E82: business | F82: video | G82: https://player.bilibili.com/player.html?bvid=BV1TgffBoENW | I82: 第一次B限直播part2
A83: 45652 | B83: 弄李出演第一次 MyMuji Bilibili限定直播 | C83: personal | D83: 大秀恩爱 大放异彩 | E83: business | F83: video | G83: https://player.bilibili.com/player.html?bvid=BV1PcFwzhEde | I83: 第一次B限直播part3
A84: 45652 | B84: 弄李出演第一次 MyMuji Bilibili限定直播 | C84: personal | D84: 大秀恩爱 大放异彩 | E84: business | F84: video | G84: https://player.bilibili.com/player.html?bvid=BV198FbzsERm | I84: 第一次B限直播part4
A85: 45301 | B85: 弄李与共友林鼓子聚会 | C85: personal | D85: 疑似活动内容为观看宝冢DVD 佐佐木李子：noncocorico的拳头🤜👊🤛 高尾奏音：前几天，和林鼓子酱还有佐佐木李子酱一起玩了☺️🪄 noncocorico聚在一起久违了！🌹 今年也要加油哦～我们聊了这些✨ 超开心—！！！ 大家用手指做了个三角形！！！✌️✌️✌️笑 | E85: private | F85: image | G85: images/20240110-1.webp
A86: 45301 | B86: 弄李与共友林鼓子聚会 | C86: personal | D86: 疑似活动内容为观看宝冢DVD 佐佐木李子：noncocorico的拳头🤜👊🤛 高尾奏音：前几天，和林鼓子酱还有佐佐木李子酱一起玩了☺️🪄 noncocorico聚在一起久违了！🌹 今年也要加油哦～我们聊了这些✨ 超开心—！！！ 大家用手指做了个三角形！！！✌️✌️✌️笑 | E86: private | F86: image | G86: images/20240110-2.webp
A87: 45301 | B87: 弄李与共友林鼓子聚会 | C87: personal | D87: 疑似活动内容为观看宝冢DVD 佐佐木李子：noncocorico的拳头🤜👊🤛 高尾奏音：前几天，和林鼓子酱还有佐佐木李子酱一起玩了☺️🪄 noncocorico聚在一起久违了！🌹 今年也要加油哦～我们聊了这些✨ 超开心—！！！ 大家用手指做了个三角形！！！✌️✌️✌️笑 | E87: private | F87: link | I87: https://x.com/sasakirico/status/1744941998145249437 | J87: 佐佐木李子 X链接
A88: 45301 | B88: 弄李与共友林鼓子聚会 | C88: personal | D88: 疑似活动内容为观看宝冢DVD 佐佐木李子：noncocorico的拳头🤜👊🤛 高尾奏音：前几天，和林鼓子酱还有佐佐木李子酱一起玩了☺️🪄 noncocorico聚在一起久违了！🌹 今年也要加油哦～我们聊了这些✨ 超开心—！！！ 大家用手指做了个三角形！！！✌️✌️✌️笑 | E88: private | F88: link | I88: https://x.com/Kanon_Takao/status/1744939315745136647 | J88: 高尾奏音 X链接
A89: 45290 | B89: 「素晴らしき世界 でも どこにもない場所」公开 | C89: organization | D89: 「美好的世界，但是并不存在」 | E89: single | F89: image | G89: images/utopia.webp | I89: Utopia Cover
A90: 45290 | B90: 「素晴らしき世界 でも どこにもない場所」公开 | C90: organization | D90: 「美好的世界，但是并不存在」 | E90: single | F90: link | J90: Utopia MV
A91: 45298 | B91: 「Angles」公开 | C91: organization | D91: 「Angles」 | E91: single | F91: image | G91: images/angles.webp | I91: Angles Cover
A92: 45298 | B92: 「Angles」公开 | C92: organization | D92: 「Angles」 | E92: single | F92: link | J92: Angles MV
A93: 45406 | B93: Ave Mujica 1st Single 「素晴らしき世界 でも どこにもない場所」发售 | C93: organization | D93: 「美好的世界，但是并不存在」 | E93: album | F93: image | G93: images/1st single限定.webp | I93: 1st Single Cover 限定
A94: 45406 | B94: Ave Mujica 1st Single 「素晴らしき世界 でも どこにもない場所」发售 | C94: organization | D94: 「美好的世界，但是并不存在」 | E94: album | F94: image | G94: images/1st single通常.webp | I94: 1st Single Cover 通常
A95: 45406 | B95: Ave Mujica 1st Single 「素晴らしき世界 でも どこにもない場所」发售 | C95: organization | D95: 「美好的世界，但是并不存在」 | E95: album | F95: link | J95: 1单 网易云
A96: 45451 | B96: Ave Mujica 2nd LIVE「Quaerere Lumina」 in 神奈川 | C96: organization | D96: 「寻找着光」 | E96: oml | F96: image | G96: images/logo/2nd live logo.webp | I96: 2nd Live Logo
A97: 45451 | B97: Ave Mujica 2nd LIVE「Quaerere Lumina」 in 神奈川 | C97: organization | D97: 「寻找着光」 | E97: oml | F97: image | G97: images/2nd live kv.webp | I97: 2nd Live 主视图
A98: 45451 | B98: Ave Mujica 2nd LIVE「Quaerere Lumina」 in 神奈川 | C98: organization | D98: 「寻找着光」 | E98: oml | F98: link | J98: 在线观看
A99: 45480 | B99: Ave Mujica 2nd LIVE「Quaerere Lumina」 in 爱知 | C99: organization | D99: 「寻找着光」 本次演出无影像资源 | E99: oml | F99: image | G99: images/logo/2nd live 爱知.webp | I99: 2nd Live 爱知
A100: 45578 | B100: Ave Mujica 3rd LIVE「Veritas」 | C100: organization | D100: 「真实」 | E100: oml | F100: image | G100: images/logo/3rd live logo.webp | I100: 3rd Live Logo
...

Sheet interview
A1: poster | B1: date | C1: interviewee | D1: title | E1: md_path | F1: if_translated
A2: ../images/弄和藤都子2.webp | B2: 46112 | C2: 藤都子 x 高尾奏音 | D2: 梦限大对谈采访连载「ゆめみたの WA ！」 第2回 | E2: mc/弄和藤都子.md | F2: yes
A3: ../images/galleryless/dgm元素头图.webp | B3: 45567 | C3: Diggy-MO' | D3: Ave Mujica Sound Producer Diggy-MO'访谈 & Elements概念解析 | E3: mc/dgm元素.md | F3: yes
A4: ../images/李子和阿拉蕾6.webp | B4: 46189 | C4: 仲町阿拉蕾 x 佐佐木李子 | D4: 梦限大对谈采访连载「ゆめみたの WA ！」 第5回 | E4: mc/李子和阿拉蕾.md | F4: yes
A5: ../images/240424李子单人访谈01.webp | B5: 45406 | C5: 佐佐木李子 | D5: Ave Mujica、以“不自我设限”的姿态，引领前往“未曾有过的世界” | E5: mc/240424李子单人访谈.md | F5: yes
A6: ../images/20241002李子单人访谈01.webp | B6: 45567 | C6: 佐佐木李子 | D6: 诞生自「BanG Dream!」的异色重金属乐队 Ave Mujica所绽放的“黑暗之光” | E6: mc/241002李子单人访谈.md | F6: yes
A7: ../images/galleryless/20250328羊李访谈.webp | B7: 45744 | C7: Diggy-MO' | D7: Ave Mujica Sound Producer Diggy-MO' Completeness解说 | E7: mc/250328dgm完满.md | F7: yes
A8: ../images/230915全员访谈前篇01.webp | B8: 45184 | C8: Ave Mujica | D8: Ave Mujica 0th Live后第1次全员访谈（前篇） | E8: mc/230915全员访谈前篇.md | F8: yes
A9: ../images/230915全员访谈前篇15.webp | B9: 45184 | C9: Ave Mujica | D9: Ave Mujica 0th Live后第1次全员访谈（后篇） | E9: mc/230915全员访谈后篇.md | F9: yes
A10: ../images/202404弄李访谈前篇01.webp | B10: 45383 | C10: 佐佐木李子 x 高尾奏音 | D10: 2024年4月 Animate 佐佐木李子 x 高尾奏音访谈（前篇） | E10: mc/202404弄李访谈前篇.md | F10: no
A11: ../images/202404弄李访谈中篇01.webp | B11: 45386 | C11: 佐佐木李子 x 高尾奏音 | D11: 2024年4月 Animate 佐佐木李子 x 高尾奏音访谈（中篇） | E11: mc/202404弄李访谈中篇.md | F11: no
A12: ../images/202404弄李访谈后篇01.webp | B12: 45389 | C12: 佐佐木李子 x 高尾奏音 | D12: 2024年4月 Animate 佐佐木李子 x 高尾奏音访谈（后篇） | E12: mc/202404弄李访谈后篇.md | F12: no
A13: ../images/202404atm访谈01.webp | B13: 45407 | C13: 渡濑结月 x 冈田梦以 x 米泽茜 | D13: 2024年4月 Lisani 渡濑结月 x 冈田梦以 x 米泽茜访谈 | E13: mc/202404atm访谈.md | F13: no
... A16: ../images/横k鸡狗1场刊02.webp | B16: 45773 | C16: Ave Mujica | D16: 「わかれ道の、その先へ」 CONCEPT PHOTOBOOK访谈 Ave Mujica部分 | E16: mc/横k鸡狗1场刊.md | F16: no

Sheet discography_releases
A1: release_id | B1: title | C1: title_jp | D1: release_date | E1: type | F1: formats | G1: label | H1: description | I1: cover | J1: search_keywords | K1: chart_first_day_rank | L1: chart_first_week_sales | M1: chart_first_week_rank | N1: chart_total_sales | O1: chart_source
A2: kaminonawo | B2: 以神之名… | C2: 神の名を | D2: 46316 | E2: MINI ALBUM | F2: CD,BLU-RAY | G2: Bushiroad Music | H2: 收录电影「BanG Dream! Ave Mujica prima aurora」插入歌的迷你专辑 | I2: images/神名通常.webp | J2: 神名 电影 | K2: — | L2: — | M2: — | N2: — | O2: ORICON WEEKLY ALBUM RANKING
A3: 横k鸡狗2bd | B3: MyGO!!!!!×Ave Mujica Two Men Live「“moment / memory”」Blu-ray | C3: MyGO!!!!!×Ave Mujica ツーマンライブ「“moment / memory”」 | D3: 46295 | E3: Blu-ray | F3: BLU-RAY | G3: Bushiroad Music | H3: 收录2026年3月1日在Kアリーナ横浜举办的MyGO!!!!!×Ave Mujica ツーマンライブ「“moment / memory”」的映像 | I3: images/横k鸡狗2bd通常.webp | J3: 横k 鸡狗2 bd | K3: — | L3: — | M3: — | N3: — | O3: ORICON WEEKLY ALBUM RANKING
A4: 骰子 | B4: 骰子已被掷下 | C4: Alea jacta est | D4: 45182 | E4: MINI ALBUM | F4: CD,BLU-RAY | G4: Bushiroad Music | H4: 首张迷你专辑 收录了2023年4月以来流媒体发行的5首乐曲与在Ave Mujica 0th LIVE「Primo die in scaena」初公开的同名曲「Ave Mujica」 | I4: images/骰子通常.webp | J4: 骰子 | K4: — | L4: 4299 | M4: #14 | N4: 9232 | O4: ORICON WEEKLY ALBUM RANKING 截至2026.9
A5: 素晴 | B5: 美好的世界，但是并不存在 | C5: 素晴らしき世界 でも どこにもない場所 | D5: 45406 | E5: Single | F5: CD,BLU-RAY | G5: Bushiroad Music | H5: 首张单曲 收录了以“破坏”和“创造”为主题的两首乐曲 | I5: images/1st single通常.webp | J5: 素晴 乌托邦 1st | K5: #12 | L5: 6573 | M5: #13 | N5: 9871 | O5: ORICON WEEKLY ALBUM RANKING 截至2026.9
A6: 翻唱专1 | B6: BanG Dream! Cover Collection Extra Volume | C6: バンドリ！ カバーコレクション Extra Volume | D6: 45483 | E6: Cover Single | F6: CD,BLU-RAY | G6: Bushiroad Music | H6: 收录了MyGO!!!!!与Ave Mujica共计6首翻唱曲 | I6: images/翻唱专通常.webp | J6: 翻唱 | K6: — | L6: 5717 | M6: #8 | N6: 9697 | O6: ORICON WEEKLY ALBUM RANKING 截至2026.9
A7: 元素 | B7: ELEMENTS | C7: ELEMENTS | D7: 45567 | E7: MINI ALBUM | F7: CD,BLU-RAY | G7: Bushiroad Music | H7: 收录了2024年4月开始以来连续5个月流媒体发行的以“元素”为主题的5首乐曲 | I7: images/元素专通常.webp | J7: 元素 | K7: — | L7: 6940 | M7: #5 | N7: 15717 | O7: ORICON WEEKLY ALBUM RANKING 截至2026.9
A8: kk | B8: KiLLKiSS | C8: KiLLKiSS | D8: 45672 | E8: Single | F8: CD,BLU-RAY | G8: Bushiroad Music | H8: 收录了TV动画「BanG Dream! Ave Mujica」的OP & ED | I8: images/kk通常.webp | J8: kk op ed 动画 | K8: #2 | L8: 27081 | M8: #4 | N8: 43732 | O8: ORICON WEEKLY ALBUM RANKING 截至2026.9
A9: 完满 | B9: Completeness | C9: Completeness | D9: 45770 | E9: ALBUM | F9: CD,BLU-RAY | G9: Bushiroad Music | H9: 首张专辑 收录了包括OP & ED在内的TV动画「BanG Dream! Ave Mujica」所有插入歌，共计7曲 | I9: images/完满通常.webp | J9: 完满 动画 | K9: — | L9: 26832 | M9: #7 | N9: 40943 | O9: ORICON WEEKLY ALBUM RANKING 截至2026.9
A10: 鸡动画bd上卷 | B10: TV动画「BanG Dream! Ave Mujica」Blu-ray上卷 | C10: TVアニメ「BanG Dream! Ave Mujica」Blu-ray 上巻 | D10: 45805 | E10: Blu-ray | F10: CD,BLU-RAY | G10: Bushiroad Music | H10: 收录了TV动画「BanG Dream! Ave Mujica」#1~#7。附带的CD为OST，收录了剧中BGM。 | I10: images/mjc动画bd上卷.webp | J10: 动画bd | K10: — | L10: 3700 | M10: #6 | N10: 3836 | O10: ORICON WEEKLY ALBUM RANKING 截至2025.7
A11: 鸡动画bd下卷 | B11: TV动画「BanG Dream! Ave Mujica」Blu-ray下卷 | C11: TVアニメ「BanG Dream! Ave Mujica」Blu-ray 下巻 | D11: 45805 | E11: Blu-ray | F11: CD,BLU-RAY | G11: Bushiroad Music | H11: 收录了TV动画「BanG Dream! Ave Mujica」#8~#13。附带的CD为OST，收录了剧中BGM。 | I11: images/mjc动画bd下卷.webp | J11: 动画bd | K11: — | L11: 3695 | M11: #7 | N11: 3826 | O11: ORICON WEEKLY ALBUM RANKING 截至2025.7
A12: 横k鸡狗1bd | B12: MyGO!!!!!×Ave Mujica 合同Live「わかれ道の、その先へ」Blu-ray | C12: MyGO!!!!!×Ave Mujica 合同ライブ「わかれ道の、その先へ」Blu-ray | D12: 45973 | E12: Blu-ray | F12: BLU-RAY | G12: Bushiroad Music | H12: 收录2025年4月26日·27日在Kアリーナ横浜举办的MyGO!!!!!×Ave Mujica 合同Live「わかれ道の、その先へ」的映像 | I12: images/横k鸡狗1bd完全版.webp | J12: 横k 鸡狗1 bd | L12: 16787 | M12: #1 | N12: 16,787+ | O12: ORICON WEEKLY ALBUM RANKING Combined sales of DAY1 + DAY2 editions.
A13: 3rd single | B13: ‘S/’ The Way / Sophie | C13: ‘S/’ The Way / Sophie | D13: 46001 | E13: Single | F13: CD,BLU-RAY | G13: Bushiroad Music | H13: 收录了TV动画「卡片战斗!! 先导者 Divinez DELUXE 决胜篇」#11 ED「‘S/’ The Way」与完全新曲「Sophie」 | I13: images/slash通常&限定.webp | J13: 3rd 索菲 打牌 | K13: #6 | L13: 19531 | M13: #4 | N13: 35678 | O13: ORICON WEEKLY ALBUM RANKING 截至2026.9
A14: 完满黑胶 | B14: Completeness【完全生产限定盘／黑胶唱片】 | C14: Completeness【完全生産限定盤／アナログ盤】 | D14: 46162 | E14: LP | F14: CD | G14: Bushiroad Music | H14: 首张黑胶 作为「Completeness」发售一周年的纪念 对首张专辑进行了黑胶唱片化 | I14: images/完满通常.webp | J14: 黑胶 完满 | K14: — | L14: 898 | M14: #29 | N14: 1016 | O14: ORICON WEEKLY ALBUM RANKING 截至2026.9
A15: 梅奔鸡狗1 | B15: MyGO!!!!!×Ave Mujica 合同Live「分歧路口，前途漫漫」上海追加公演 Blu-ray | C15: MyGO!!!!!×Ave Mujica 合同ライブ「わかれ道の、その先へ」上海追加公演 Blu-ray | D15: 46169 | E15: Blu-ray | F15: CD,BLU-RAY | G15: Bushiroad Music | H15: 收录2025年10月11日·12日在梅赛德斯-奔驰文化中心 （Mercedes-Benz Arena）举办的MyGO!!!!!×Ave Mujica 合同Live「分歧路口，前途漫漫」上海追加公演的映像 | I15: images/梅奔鸡狗1bdbox.webp | J15: 鸡狗1 梅奔 bd | K15: — | L15: No Data | M15: — | N15: No Data | O15: ORICON WEEKLY ALBUM RANKING
A16: 精选 | B16: Ave Música | C16: Ave Música | D16: 46190 | E16: Best Album | F16: CD,BLU-RAY | G16: Bushiroad Music | H16: 首张精选集 收录全15首歌曲的Best Album，其中包含1首完全新曲 | I16: images/精选通常.webp | J16: 精选 | K16: #2 | L16: 13863 | M16: #4 | N16: 19140 | O16: ORICON WEEKLY ALBUM RANKING 截至2026.9

Sheet discography_editions
A1: release_id | B1: edition_name | C1: edition_type | D1: catalog_no | E1: price | F1: cover | G1: format | H1: distribution | I1: limited | J1: bonus | K1: includes_cd | L1: includes_bluray | M1: includes_box | N1: includes_goods | O1: cover_gallery
A2: kaminonawo | B2: 5,000枚限定生産特装盤 | C2: 特装盘 | D2: BRMM-11071 | E2: 18700 | F2: images/神名5000限.webp | G2: CD + Blu-ray + Goods | H2: Bushroad Online Shop / 会场限定 | I2: 5,000枚限定 | J2: 特制立牌5枚|特制BOX|2027春Oml最速先行抽选券|角色卡片|先着购入活动特典CD|店铺限定特典Goods | K2: yes | L2: yes | M2: yes | N2: yes
A3: kaminonawo | B3: Blu-ray付生産限定盤 | C3: 限定盘 | D3: BRMM-11072 | E3: 8800 | F3: images/神名限定.webp | G3: CD + Blu-ray | H3: 一般流通 | I3: 无 | J3: 特制纸套包装|2027春Oml最速先行抽选券|角色卡片|店铺限定特典CD|店铺限定特典Goods | K3: yes | L3: yes | M3: no | N3: no | O3: images/神名限定.webp|images/神名限定cover.webp
A4: kaminonawo | B4: 通常盤 | C4: 通常盘 | D4: BRMM-11073 | E4: 2200 | F4: images/神名通常.webp | G4: CD | H4: 一般流通 | I4: 无 | J4: 2027春Oml最速先行抽选券|角色卡片|店铺限定特典CD|店铺限定特典Goods | K4: yes | L4: no | M4: no | N4: no
A5: 横k鸡狗2bd | B5: 5,000枚限定生産特装版 | C5: 特装盘 | D5: BRMM-11079 | E5: 19800 | F5: images/横k鸡狗2bd5000限.webp | G5: Blu-ray + Goods | H5: Bushroad Online Shop | I5: 5,000枚限定 | J5: LIVE写真册|特制装饰用帆布画板 2款套装（附序列编号）|特制BOX|封面贴纸 1张（特装版 ver.全1种）|替换封面 1张（特装版 ver.全1种）|Special Goods抽选券|店铺限定特典Goods | K5: no | L5: yes | M5: yes | N5: yes
A6: 横k鸡狗2bd | B6: 通常版 | C6: 通常盘 | D6: BRMM-11080 | E6: 8800 | F6: images/横k鸡狗2bd通常.webp | G6: Blu-ray | H6: 一般流通 | I6: 无 | J6: 封面贴纸 1张（特装版 ver.全1种）|替换封面 1张（特装版 ver.全1种）|Special Goods抽选券|店铺限定特典Goods | K6: no | L6: yes | M6: no | N6: no
A7: 骰子 | B7: Blu-ray付生産限定盤 | C7: 限定盘 | D7: BRMM-10671 | E7: 9900 | F7: images/骰子限定.webp | G7: CD + Blu-ray | H7: 一般流通 | I7: 无 | J7: 特制小册子|1st Live最速先行抽选券|店铺限定特典Goods | K7: yes | L7: yes | M7: no | N7: no
A8: 骰子 | B8: 通常盤 | C8: 通常盘 | D8: BRMM-10672 | E8: 2970 | F8: images/骰子通常.webp | G8: CD | H8: 一般流通 | I8: 无 | J8: 1st Live最速先行抽选券|店铺限定特典Goods | K8: yes | L8: no | M8: no | N8: no
A9: 素晴 | B9: Blu-ray付生産限定盤 | C9: 限定盘 | D9: BRMM-10785 | E9: 7700 | F9: images/1st single限定.webp | G9: CD + Blu-ray | H9: 一般流通 | I9: 无 | J9: 角色卡片|2nd Live最速先行抽选券|店铺限定特典Goods | K9: yes | L9: yes | M9: no | N9: no
A10: 素晴 | B10: 通常盤 | C10: 通常盘 | D10: BRMM-10786 | E10: 1540 | F10: images/1st single通常.webp | G10: CD | H10: 一般流通 | I10: 无 | J10: 角色卡片|2nd Live最速先行抽选券|店铺限定特典Goods | K10: yes | L10: no | M10: no | N10: no
A11: 翻唱专1 | B11: Blu-ray付生産限定盤 | C11: 限定盘 | D11: BRMM-10810 | E11: 5500 | F11: images/翻唱专限定.webp | G11: CD + Blu-ray | H11: 一般流通 | I11: 无 | J11: MyGO!!!!!2024年秋Talk Event最速先行抽选券|Ave Mujica 3rd Live最速先行抽选券|Ave Mujica 4nd Live最速先行抽选券|封面样式贴纸1张（限定版 ver.全1种）|店铺限定特典Goods | K11: yes | L11: yes | M11: no | N11: no
A12: 翻唱专1 | B12: 通常盤 | C12: 通常盘 | D12: BRMM-10811 | E12: 2420 | F12: images/翻唱专通常.webp | G12: CD | H12: 一般流通 | I12: 无 | J12: MyGO!!!!!2024年秋Talk Event最速先行抽选券|Ave Mujica 3rd Live最速先行抽选券|Ave Mujica 4nd Live最速先行抽选券|封面样式贴纸1张（通常版 ver.全1种）|店铺限定特典Goods | K12: yes | L12: no | M12: no | N12: no
A13: 元素 | B13: 数量限定生産特装盤 | C13: 特装盘 | D13: BRMM-10835 | E13: 13200 | F13: images/元素专特装.webp | G13: CD + Blu-ray + Goods | H13: Bushroad Online Shop / 会场限定 | I13: 数量限定 | J13: 特制BOX|MyGO!!!!!×Ave Mujica 合同Live最速先行抽选券|ELEMENTS特制贴纸套装|2nd Live硅胶手环 -ELEMENTS Edition-|店铺限定特典Goods | K13: yes | L13: yes | M13: yes | N13: yes | O13: images/元素专特装.webp|images/元素专特装BD.webp
A14: 元素 | B14: Blu-ray付生産限定盤 | C14: 限定盘 | D14: BRMM-10836 | E14: 9900 | F14: images/元素专限定.webp | G14: CD + Blu-ray | H14: 一般流通 | I14: 无 | J14: MyGO!!!!!×Ave Mujica 合同Live最速先行抽选券|店铺限定特典Goods | K14: yes | L14: yes | M14: no | N14: no
A15: 元素 | B15: 通常盤 | C15: 通常盘 | D15: BRMM-10837 | E15: 2420 | F15: images/元素专通常.webp | G15: CD | H15: 一般流通 | I15: 无 | J15: MyGO!!!!!×Ave Mujica 合同Live最速先行抽选券|店铺限定特典Goods | K15: yes | L15: no | M15: no | N15: no
A16: kk | B16: Blu-ray付生産限定盤 | C16: 限定盘 | D16: BRMM-10886 | E16: 8800 | F16: images/kk限定.webp | G16: CD + Blu-ray | H16: 一般流通 | I16: 无 | J16: 「KiLLKiSS」Free Live抽选券|2025夏Oml最速先行抽选券|「KiLLKiSS」特制角色卡片1张（全5种）|店铺限定特典Goods | K16: yes | L16: yes | M16: no | N16: no | O16: images/kk限定.webp|images/kk限定外封.webp
A17: kk | B17: 通常盤 | C17: 通常盘 | D17: BRMM-10887 | E17: 1540 | F17: images/kk通常.webp | G17: CD | H17: 一般流通 | I17: 无 | J17: 「KiLLKiSS」Free Live抽选券|2025夏Oml最速先行抽选券|「KiLLKiSS」特制角色卡片1张（全5种）|店铺限定特典Goods | K17: yes | L17: no | M17: no | N17: no
A18: 完满 | B18: 5,000枚限定生産特装盤 | C18: 特装盘 | D18: BRMM-10915 | E18: 17600 | F18: images/完满特装.webp | G18: CD + Blu-ray + Goods | H18: Bushroad Online Shop / 会场限定 | I18: 5,000枚限定 | J18: 特制立牌5枚|特制BOX|Mortis软棉吊饰|2025年冬Oml最速先行抽选券|角色卡片1张（全5种+隐藏烫金角色签名5种）||先着购入活动特典CD|店铺限定特典Goods | K18: yes | L18: yes | M18: yes | N18: yes
A19: 完满 | B19: Blu-ray付生産限定盤 | C19: 限定盘 | D19: BRMM-10916 | E19: 10450 | F19: images/完满限定.webp | G19: CD + Blu-ray | H19: 一般流通 | I19: 无 | J19: 2025年冬Oml最速先行抽选券|角色卡片1张（全5种+隐藏烫金角色签名5种）|店铺限定特典CD|店铺限定特典Goods | K19: yes | L19: yes | M19: no | N19: no | O19: images/完满限定.webp|images/完满限定硬壳.webp
A20: 完满 | B20: 通常盤 | C20: 通常盘 | D20: BRMM-10917 | E20: 2970 | F20: images/完满通常.webp | G20: CD | H20: 一般流通 | I20: 无 | J20: 2025年冬Oml最速先行抽选券|角色卡片1张（全5种+隐藏烫金角色签名5种）|店铺限定特典CD|店铺限定特典Goods | K20: yes | L20: no | M20: no | N20: no
A21: 鸡动画bd上卷 | B21: 通常盤 | C21: 通常盘 | D21: BRMM-10924 | E21: 19800 | F21: images/mjc动画bd上卷.webp | G21: CD + Blu-ray | H21: 一般流通 | I21: 无 | J21: 特制小册子|特制贴纸套装|2026年Talk Event最速先行抽选券|店铺限定特典Goods | K21: yes | L21: yes | M21: no | N21: no
A22: 鸡动画bd下卷 | B22: 通常盤 | C22: 通常盘 | D22: BRMM-10925 | E22: 19800 | F22: images/mjc动画bd下卷.webp | G22: CD + Blu-ray | H22: 一般流通 | I22: 无 | J22: 特制小册子|特制贴纸套装|2026年Talk Event最速先行抽选券|店铺限定特典Goods | K22: yes | L22: yes | M22: no | N22: no
A23: 横k鸡狗1bd | B23: 完全生産限定版 | C23: 限定盘 | D23: BRMM-10970 | E23: 26400 | F23: images/横k鸡狗1bd完全版.webp | G23: CD + Blu-ray + Goods | H23: 一般流通 | I23: 数量限定 | J23: 特制BOX|Back Stage Comment映像收录Blu-ray|八音盒改编CD|LIVE写真册|特制主视觉图色纸4张|MyGO!!!!!×Ave Mujica Two Men Live最速先行抽选券*2|封面贴纸1张(DAY1 ver.全1种)|封面贴纸1张(DAY2 ver.全1种)|店铺限定特典Goods | K23: yes | L23: yes | M23: yes | N23: yes
A24: 横k鸡狗1bd | B24: DAY1 : Petrichor | C24: DAY1 | D24: BRMM-10971 | E24: 8800 | F24: images/横k鸡狗1bdd1.webp | G24: Blu-ray | H24: 一般流通 | I24: 无 | J24: MyGO!!!!!×Ave Mujica Two Men Live最速先行抽选券*1|封面贴纸1张(DAY1 ver.全1种) | K24: no | L24: yes | M24: no | N24: no
A25: 横k鸡狗1bd | B25: DAY2 : Geosmin | C25: DAY2 | D25: BRMM-10972 | E25: 8800 | F25: images/横k鸡狗2bdd2.webp | G25: Blu-ray | H25: 一般流通 | I25: 无 | J25: MyGO!!!!!×Ave Mujica Two Men Live最速先行抽选券*1|封面贴纸1张(DAY2 ver.全1种) | K25: no | L25: yes | M25: no | N25: no
A26: 3rd single | B26: 数量限定生産特装盤 | C26: 特装盘 | D26: BRMM-10999 | E26: 17050 | F26: images/slash特装.webp | G26: CD + Blu-ray + Goods | H26: 一般流通 | I26: 数量限定 | J26: Ave Mujica 5th LIVE「Nova Historia」DAY1/DAY2 全景定点映像收录Blu-ray|亚克力画板1个（共1款）|特制BOX|2026年Ave Mujica LIVE TOUR 最速先行抽选券|角色卡片1张（全5种）|「卡片战斗!! 先导者」PR 卡 1 张（共 1 种）|先着购入活动特典CD|店铺限定特典Goods | K26: yes | L26: yes | M26: yes | N26: yes
A27: 3rd single | B27: Blu-ray付生産限定盤 | C27: 限定盘 | D27: BRMM-11000 | E27: 11000 | F27: images/slash通常&限定.webp | G27: CD + Blu-ray | H27: 一般流通 | I27: 无 | J27: 2026年Ave Mujica LIVE TOUR 最速先行抽选券|角色卡片1张（全5种）|「卡片战斗!! 先导者」PR 卡 1 张（共 1 种）|先着购入活动特典CD|店铺限定特典Goods | K27: yes | L27: yes | M27: no | N27: no
A28: 3rd single | B28: 通常盤 | C28: 通常盘 | D28: BRMM-11001 | E28: 1650 | F28: images/slash通常&限定.webp | G28: CD | H28: 一般流通 | I28: 无 | J28: 2026年Ave Mujica LIVE TOUR 最速先行抽选券|角色卡片1张（全5种）|「卡片战斗!! 先导者」PR 卡 1 张（共 1 种）|先着购入活动特典CD|店铺限定特典Goods | K28: yes | L28: no | M28: no | N28: no
A29: 完满黑胶 | B29: 完全生産限定盤／アナログ盤 | C29: 黑胶唱片 | D29: BRMM-11030 | E29: 4950 | F29: images/完满通常.webp | G29: LP | H29: 预约生产 | I29: 预约生产 | K29: yes | L29: no | M29: no | N29: no
A30: 梅奔鸡狗1 | B30: 完全生産限定版 | C30: 限定盘 | D30: BRMM-11029 | E30: 26400 | F30: images/梅奔鸡狗1bdbox.webp | G30: CD + Blu-ray + Goods | H30: 一般流通 | I30: 数量限定 | J30: 特制BOX|八音盒改编CD|LIVE写真册|特制主视觉图色纸2张|特制亚克力画板1个（共1款）|替换封面|店铺限定特典Goods | K30: yes | L30: yes | M30: yes | N30: yes | O30: images/梅奔鸡狗1bdd1.webp|images/梅奔鸡狗1bdd2.webp|images/梅奔鸡狗1bdbox.webp
A31: 精选 | B31: 数量限定生産特装盤 | C31: 特装盘 | D31: BRMM-11046 | E31: 15400 | F31: images/精选特装.webp | G31: CD + Blu-ray + Goods | H31: 一般流通 | I31: 数量限定 | J31: Ave Mujica 6th LIVE「Ulterius Procedere」东京公演 全景定点映像收录|亚克力挂件5款Set|布料海报1张（全1种）|特制BOX|2026秋Oml最速先行抽选券|角色卡片1张（全5种+隐藏烫金角色签名5种）|先着购入活动特典CD|店铺限定特典Goods | K31: yes | L31: yes | M31: yes | N31: yes
A32: 精选 | B32: Blu-ray付生産限定盤 | C32: 限定盘 | D32: BRMM-11047 | E32: 9900 | F32: images/精选限定.webp | G32: CD + Blu-ray | H32: 一般流通 | I32: 无 | J32: 特制三面包覆封套盒|2026秋Oml最速先行抽选券|角色卡片1张（全5种+隐藏烫金角色签名5种）|先着购入活动特典CD|店铺限定特典Goods | K32: yes | L32: yes | M32: no | N32: no | O32: images/精选限定封套.webp|images/精选限定.webp
A33: 精选 | B33: 通常盤 | C33: 通常盘 | D33: BRMM-11048 | E33: 3850 | F33: images/精选通常.webp | G33: CD | H33: 一般流通 | I33: 无 | J33: 2026秋Oml最速先行抽选券|角色卡片1张（全5种+隐藏烫金角色签名5种）|先着购入活动特典CD|店铺限定特典Goods | K33: yes | L33: no | M33: no | N33: no

Sheet discography_contents
A1: release_id | B1: edition_name | C1: disc_no | D1: disc_type | E1: track_no | F1: song_name | G1: content_title | H1: duration | I1: note
A2: kaminonawo | B2: 5,000枚限定生産特装盤 | C2: 01 | D2: CD | E2: 01 | F2: 新曲「标题未公开」
A3: kaminonawo | B3: 5,000枚限定生産特装盤 | C3: 01 | D3: CD | E3: 02 | F3: 新曲「标题未公开」
A4: kaminonawo | B4: 5,000枚限定生産特装盤 | C4: 01 | D4: CD | E4: 03 | F4: 新曲「标题未公开」
A5: kaminonawo | B5: 5,000枚限定生産特装盤 | C5: 01 | D5: CD | E5: 04 | F5: 新曲「标题未公开」
A6: kaminonawo | B6: 5,000枚限定生産特装盤 | C6: 02 | D6: BLU-RAY | E6: 01 | G6: Ave Mujica LIVE TOUR 2026「Exitus」-FINAL- DAY1
A7: kaminonawo | B7: 5,000枚限定生産特装盤 | C7: 02 | D7: BLU-RAY | E7: 02 | G7: Ave Mujica LIVE TOUR 2026「Exitus」-FINAL- DAY2
A8: kaminonawo | B8: Blu-ray付生産限定盤 | C8: 01 | D8: CD | E8: 01 | F8: 新曲「标题未公开」
A9: kaminonawo | B9: Blu-ray付生産限定盤 | C9: 01 | D9: CD | E9: 02 | F9: 新曲「标题未公开」
A10: kaminonawo | B10: Blu-ray付生産限定盤 | C10: 01 | D10: CD | E10: 03 | F10: 新曲「标题未公开」
A11: kaminonawo | B11: Blu-ray付生産限定盤 | C11: 01 | D11: CD | E11: 04 | F11: 新曲「标题未公开」
A12: kaminonawo | B12: Blu-ray付生産限定盤 | C12: 02 | D12: BLU-RAY | E12: 01 | G12: Ave Mujica LIVE TOUR 2026「Exitus」-FINAL- DAY2
A13: kaminonawo | B13: 通常盤 | C13: 01 | D13: CD | E13: 01 | F13: 新曲「标题未公开」
A14: kaminonawo | B14: 通常盤 | C14: 01 | D14: CD | E14: 02 | F14: 新曲「标题未公开」
A15: kaminonawo | B15: 通常盤 | C15: 01 | D15: CD | E15: 03 | F15: 新曲「标题未公开」
A16: kaminonawo | B16: 通常盤 | C16: 01 | D16: CD | E16: 04 | F16: 新曲「标题未公开」
A17: 横k鸡狗2bd | B17: 5,000枚限定生産特装版 | C17: 01 | D17: BLU-RAY | E17: 01 | G17: MyGO!!!!!×Ave Mujica ツーマンライブ「“moment / memory”」
A18: 横k鸡狗2bd | B18: 通常版 | C18: 01 | D18: BLU-RAY | E18: 01 | G18: MyGO!!!!!×Ave Mujica ツーマンライブ「“moment / memory”」
A19: 骰子 | B19: Blu-ray付生産限定盤 | C19: 01 | D19: CD | E19: 01 | F19: 黒のバースデイ | H19: 0.15694444
A20: 骰子 | B20: Blu-ray付生産限定盤 | C20: 01 | D20: CD | E20: 02 | F20: ふたつの月 ~Deep Into The Forest~ | H20: 0.20555556
A21: 骰子 | B21: Blu-ray付生産限定盤 | C21: 01 | D21: CD | E21: 03 | F21: Choir 'S' Choir | H21: 0.19305556
A22: 骰子 | B22: Blu-ray付生産限定盤 | C22: 01 | D22: CD | E22: 04 | F22: 神さま、バカ | H22: 0.14861111
A23: 骰子 | B23: Blu-ray付生産限定盤 | C23: 01 | D23: CD | E23: 05 | F23: Mas?uerade Rhapsody Re?uest | H23: 0.16805556
A24: 骰子 | B24: Blu-ray付生産限定盤 | C24: 01 | D24: CD | E24: 06 | F24: Ave Mujica | H24: 0.17708333
A25: 骰子 | B25: Blu-ray付生産限定盤 | C25: 02 | D25: BLU-RAY | E25: 01 | G25: Ave Mujica 0th LIVE「Primo die in scaena」
A26: 骰子 | B26: Blu-ray付生産限定盤 | C26: 02 | D26: BLU-RAY | E26: 02 | G26: Music Video
A27: 骰子 | B27: Blu-ray付生産限定盤 | C27: 02 | D27: BLU-RAY | E27: 03 | G27: Story Movie
A28: 骰子 | B28: 通常盤 | C28: 01 | D28: CD | E28: 01 | F28: 黒のバースデイ | H28: 0.15694444
A29: 骰子 | B29: 通常盤 | C29: 01 | D29: CD | E29: 02 | F29: ふたつの月 ~Deep Into The Forest~ | H29: 0.20555556
A30: 骰子 | B30: 通常盤 | C30: 01 | D30: CD | E30: 03 | F30: Choir 'S' Choir | H30: 0.19305556
A31: 骰子 | B31: 通常盤 | C31: 01 | D31: CD | E31: 04 | F31: 神さま、バカ | H31: 0.14861111
A32: 骰子 | B32: 通常盤 | C32: 01 | D32: CD | E32: 05 | F32: Mas?uerade Rhapsody Re?uest | H32: 0.16805556
A33: 骰子 | B33: 通常盤 | C33: 01 | D33: CD | E33: 06 | F33: Ave Mujica | H33: 0.17708333
A34: 素晴 | B34: Blu-ray付生産限定盤 | C34: 01 | D34: CD | E34: 01 | F34: 素晴らしき世界 でも どこにもない場所 | H34: 0.18611111
A35: 素晴 | B35: Blu-ray付生産限定盤 | C35: 01 | D35: CD | E35: 02 | F35: Angles | H35: 0.19097222
A36: 素晴 | B36: Blu-ray付生産限定盤 | C36: 01 | D36: CD | E36: 03 | F36: 素晴らしき世界 でも どこにもない場所 -instrumental- | H36: 0.18611111
A37: 素晴 | B37: Blu-ray付生産限定盤 | C37: 01 | D37: CD | E37: 04 | F37: Angles -instrumental- | H37: 0.19097222
A38: 素晴 | B38: Blu-ray付生産限定盤 | C38: 02 | D38: BLU-RAY | E38: 01 | G38: Ave Mujica 1st LIVE 「Perdere Omnia」
A39: 素晴 | B39: 通常盤 | C39: 01 | D39: CD | E39: 01 | F39: 素晴らしき世界 でも どこにもない場所 | H39: 0.18611111
A40: 素晴 | B40: 通常盤 | C40: 01 | D40: CD | E40: 02 | F40: Angles | H40: 0.19097222
A41: 素晴 | B41: 通常盤 | C41: 01 | D41: CD | E41: 03 | F41: 素晴らしき世界 でも どこにもない場所 -instrumental- | H41: 0.18611111
A42: 素晴 | B42: 通常盤 | C42: 01 | D42: CD | E42: 04 | F42: Angles -instrumental- | H42: 0.19097222
A43: 翻唱专1 | B43: Blu-ray付生産限定盤 | C43: 01 | D43: CD | E43: 01 | F43: MyGO!!!!!! - 君の神様になりたい。 | H43: 0.17291667
A44: 翻唱专1 | B44: Blu-ray付生産限定盤 | C44: 01 | D44: CD | E44: 02 | F44: MyGO!!!!!! - swim | H44: 0.14513889
A45: 翻唱专1 | B45: Blu-ray付生産限定盤 | C45: 01 | D45: CD | E45: 03 | F45: MyGO!!!!!! - 猛独が襲う | H45: 0.17638889
A46: 翻唱专1 | B46: Blu-ray付生産限定盤 | C46: 01 | D46: CD | E46: 04 | F46: 暗黒天国 | H46: 0.18402778
A47: 翻唱专1 | B47: Blu-ray付生産限定盤 | C47: 01 | D47: CD | E47: 05 | F47: 堕天 | H47: 0.12708333
A48: 翻唱专1 | B48: Blu-ray付生産限定盤 | C48: 01 | D48: CD | E48: 06 | F48: KINGS | H48: 0.22013889
A49: 翻唱专1 | B49: Blu-ray付生産限定盤 | C49: 02 | D49: BLU-RAY | E49: 01 | G49: Roselia「Farbe」DAY1 | I49: Opening Act MyGO!!!!! Part
A50: 翻唱专1 | B50: Blu-ray付生産限定盤 | C50: 02 | D50: BLU-RAY | E50: 02 | G50: Roselia「Farbe」DAY2 | I50: Opening Ave Mujica Part
A51: 翻唱专1 | B51: 通常盤 | C51: 01 | D51: CD | E51: 01 | F51: MyGO!!!!!! - 君の神様になりたい。 | H51: 0.17291667
A52: 翻唱专1 | B52: 通常盤 | C52: 01 | D52: CD | E52: 02 | F52: MyGO!!!!!! - swim | H52: 0.14513889
A53: 翻唱专1 | B53: 通常盤 | C53: 01 | D53: CD | E53: 03 | F53: MyGO!!!!!! - 猛独が襲う | H53: 0.17638889
A54: 翻唱专1 | B54: 通常盤 | C54: 01 | D54: CD | E54: 04 | F54: 暗黒天国 | H54: 0.18402778
A55: 翻唱专1 | B55: 通常盤 | C55: 01 | D55: CD | E55: 05 | F55: 堕天 | H55: 0.12708333
A56: 翻唱专1 | B56: 通常盤 | C56: 01 | D56: CD | E56: 06 | F56: KINGS | H56: 0.22013889
A57: 元素 | B57: 数量限定生産特装盤 | C57: 01 | D57: CD | E57: 01 | F57: Symbol I : 🜂 | H57: 0.21736111
A58: 元素 | B58: 数量限定生産特装盤 | C58: 01 | D58: CD | E58: 02 | F58: Symbol II : 🜁 | H58: 0.14861111
A59: 元素 | B59: 数量限定生産特装盤 | C59: 01 | D59: CD | E59: 03 | F59: Symbol III : 🜄 | H59: 0.17847222
A60: 元素 | B60: 数量限定生産特装盤 | C60: 01 | D60: CD | E60: 04 | F60: Symbol IV : 🜃 | H60: 0.16666667
A61: 元素 | B61: 数量限定生産特装盤 | C61: 01 | D61: CD | E61: 05 | F61: Ether | H61: 0.19930556
A62: 元素 | B62: 数量限定生産特装盤 | C62: 02 | D62: BLU-RAY | E62: 01 | G62: Ave Mujica 2nd LIVE「Quaerere Lumina」神奈川公演
A63: 元素 | B63: Blu-ray付生産限定盤 | C63: 01 | D63: CD | E63: 01 | F63: Symbol I : 🜂 | H63: 0.21736111
A64: 元素 | B64: Blu-ray付生産限定盤 | C64: 01 | D64: CD | E64: 02 | F64: Symbol II : 🜁 | H64: 0.14861111
A65: 元素 | B65: Blu-ray付生産限定盤 | C65: 01 | D65: CD | E65: 03 | F65: Symbol III : 🜄 | H65: 0.17847222
A66: 元素 | B66: Blu-ray付生産限定盤 | C66: 01 | D66: CD | E66: 04 | F66: Symbol IV : 🜃 | H66: 0.16666667
A67: 元素 | B67: Blu-ray付生産限定盤 | C67: 01 | D67: CD | E67: 05 | F67: Ether | H67: 0.19930556
A68: 元素 | B68: Blu-ray付生産限定盤 | C68: 02 | D68: BLU-RAY | E68: 01 | G68: Ave Mujica 2nd LIVE「Quaerere Lumina」神奈川公演
A69: 元素 | B69: 通常盤 | C69: 01 | D69: CD | E69: 01 | F69: Symbol I : 🜂 | H69: 0.21736111
A70: 元素 | B70: 通常盤 | C70: 01 | D70: CD | E70: 02 | F70: Symbol II : 🜁 | H70: 0.14861111
A71: 元素 | B71: 通常盤 | C71: 01 | D71: CD | E71: 03 | F71: Symbol III : 🜄 | H71: 0.17847222
A72: 元素 | B72: 通常盤 | C72: 01 | D72: CD | E72: 04 | F72: Symbol IV : 🜃 | H72: 0.16666667
A73: 元素 | B73: 通常盤 | C73: 01 | D73: CD | E73: 05 | F73: Ether | H73: 0.19930556
A74: kk | B74: Blu-ray付生産限定盤 | C74: 01 | D74: CD | E74: 01 | F74: KiLLKiSS | H74: 0.14513889
A75: kk | B75: Blu-ray付生産限定盤 | C75: 01 | D75: CD | E75: 02 | F75: Georgette Me, Georgette You | H75: 0.16319444
A76: kk | B76: Blu-ray付生産限定盤 | C76: 01 | D76: CD | E76: 03 | F76: KiLLKiSS -instrumental- | H76: 0.14444444
A77: kk | B77: Blu-ray付生産限定盤 | C77: 01 | D77: CD | E77: 04 | F77: Georgette Me, Georgette You -instrumental- | H77: 0.1625
A78: kk | B78: Blu-ray付生産限定盤 | C78: 02 | D78: BLU-RAY | E78: 01 | G78: Ave Mujica 3rd LIVE「Veritas」
A79: kk | B79: 通常盤 | C79: 01 | D79: CD | E79: 01 | F79: KiLLKiSS | H79: 0.14513889
A80: kk | B80: 通常盤 | C80: 01 | D80: CD | E80: 02 | F80: Georgette Me, Georgette You | H80: 0.16319444
A81: kk | B81: 通常盤 | C81: 01 | D81: CD | E81: 03 | F81: KiLLKiSS -instrumental- | H81: 0.14444444
A82: kk | B82: 通常盤 | C82: 01 | D82: CD | E82: 04 | F82: Georgette Me, Georgette You -instrumental- | H82: 0.1625
A83: 完满 | B83: 5,000枚限定生産特装盤 | C83: 01 | D83: CD | E83: 01 | F83: KiLLKiSS | H83: 0.14444444
A84: 完满 | B84: 5,000枚限定生産特装盤 | C84: 01 | D84: CD | E84: 02 | F84: Georgette Me, Georgette You | H84: 0.1625
A85: 完满 | B85: 5,000枚限定生産特装盤 | C85: 01 | D85: CD | E85: 03 | F85: Imprisoned XII | H85: 0.13055556
A86: 完满 | B86: 5,000枚限定生産特装盤 | C86: 01 | D86: CD | E86: 04 | F86: Crucifix X | H86: 0.20833333
A87: 完满 | B87: 5,000枚限定生産特装盤 | C87: 01 | D87: CD | E87: 05 | F87: 八芒星ダンス | H87: 0.15902778
A88: 完满 | B88: 5,000枚限定生産特装盤 | C88: 01 | D88: CD | E88: 06 | F88: 顔 | H88: 0.16805556
A89: 完满 | B89: 5,000枚限定生産特装盤 | C89: 01 | D89: CD | E89: 07 | F89: 天球（そら）のMúsica | H89: 0.19375
A90: 完满 | B90: 5,000枚限定生産特装盤 | C90: 02 | D90: BLU-RAY | E90: 01 | G90: Ave Mujica 4th LIVE「Adventus」
A91: 完满 | B91: Blu-ray付生産限定盤 | C91: 01 | D91: CD | E91: 01 | F91: KiLLKiSS | H91: 0.14444444
A92: 完满 | B92: Blu-ray付生産限定盤 | C92: 01 | D92: CD | E92: 02 | F92: Georgette Me, Georgette You | H92: 0.1625
A93: 完满 | B93: Blu-ray付生産限定盤 | C93: 01 | D93: CD | E93: 03 | F93: Imprisoned XII | H93: 0.13055556
A94: 完满 | B94: Blu-ray付生産限定盤 | C94: 01 | D94: CD | E94: 04 | F94: Crucifix X | H94: 0.20833333
A95: 完满 | B95: Blu-ray付生産限定盤 | C95: 01 | D95: CD | E95: 05 | F95: 八芒星ダンス | H95: 0.15902778
A96: 完满 | B96: Blu-ray付生産限定盤 | C96: 01 | D96: CD | E96: 06 | F96: 顔 | H96: 0.16805556
A97: 完满 | B97: Blu-ray付生産限定盤 | C97: 01 | D97: CD | E97: 07 | F97: 天球（そら）のMúsica | H97: 0.19375
A98: 完满 | B98: Blu-ray付生産限定盤 | C98: 02 | D98: BLU-RAY | E98: 01 | G98: Ave Mujica 4th LIVE「Adventus」
A99: 完满 | B99: 通常盤 | C99: 01 | D99: CD | E99: 01 | F99: KiLLKiSS | H99: 0.14444444
A100: 完满 | B100: 通常盤 | C100: 01 | D100: CD | E100: 02 | F100: Georgette Me, Georgette You | H100: 0.1625
...

Sheet discography_bonus_contents
A1: release_id | B1: bonus_id | C1: disc_name | D1: track_no | E1: song_name | F1: note
A2: kaminonawo | B2: 先着活动&店铺限定特典CD | C2: Doloris ver. | D2: 01 | E2: Ave Mujica(Exitus ver.)
A3: kaminonawo | B3: 先着活动&店铺限定特典CD | C3: Mortis ver. | D3: 01 | E3: 素晴らしき世界 でも どこにもない場所(Exitus ver.)
A4: kaminonawo | B4: 先着活动&店铺限定特典CD | C4: Timoris ver. | D4: 01 | E4: 神さま、バカ(Exitus ver.)
A5: kaminonawo | B5: 先着活动&店铺限定特典CD | C5: Amoris ver. | D5: 01 | E5: Choir 'S' Choir(Exitus ver.)
A6: kaminonawo | B6: 先着活动&店铺限定特典CD | C6: Oblivionis ver. | D6: 01 | E6: Georgette Me, Georgette You(Exitus ver.)
A7: 骰子 | B7: 特制小册子 | C7: 莉伽与瑠奈 | D7: 01 | E7: ？？？？？？？？ -■■- | F7: 仅Blu-ray付生産限定盤 收录Story Moive剧本
A8: 完满 | B8: 先着活动&店铺限定特典CD | C8: Doloris ver. | D8: 01 | E8: Symbol IV : 🜃(Adventus ver.)
A9: 完满 | B9: 先着活动&店铺限定特典CD | C9: Mortis ver. | D9: 01 | E9: Ether(Adventus ver.)
A10: 完满 | B10: 先着活动&店铺限定特典CD | C10: Timoris ver. | D10: 01 | E10: Symbol II : 🜁(Adventus ver.)
A11: 完满 | B11: 先着活动&店铺限定特典CD | C11: Amoris ver. | D11: 01 | E11: Symbol I : 🜂(Adventus ver.)
A12: 完满 | B12: 先着活动&店铺限定特典CD | C12: Oblivionis ver. | D12: 01 | E12: Symbol III : 🜄(Adventus ver.)
A13: 完满 | B13: 「Completeness」发售纪念手渡会 | C13: 佐佐木李子 x 冈田梦以 | D13: 2025.6.15 | E13: ジョーシン日本橋店
A14: 完满 | B14: 「Completeness」发售纪念手渡会 | C14: 米泽茜 x 高尾奏音 | D14: 2025.6.21 | E14: AKIHABARAゲーマーズ本店
A15: 完满 | B15: 「Completeness」发售纪念手渡会 | C15: 冈田梦以 x 高尾奏音 | D15: 2025.6.28 | E15: タワーレコード 名古屋パルコ店
A16: 完满 | B16: 「Completeness」发售纪念手渡会 | C16: 渡濑结月 x 高尾奏音 | D16: 2025.7.6 | E16: HMVエソラ池袋
A17: 完满 | B17: 「Completeness」发售纪念手渡会 | C17: 渡濑结月 x 米泽茜 | D17: 2025.7.20 | E17: HMV&BOOKS SHIBUYA
A18: 完满 | B18: 「Completeness」发售纪念手渡会 | C18: 佐佐木李子 x 米泽茜 | D18: 2025.8.9 | E18: アニメイト大阪日本橋
A19: 鸡动画bd上卷 | B19: 上下卷同时购入特典 | C19: sumimi 特典CD | D19: Track 01 | E19: Here, the world!
... A38: 精选 | B38: 先着活动&店铺限定特典CD | C38: Oblivionis ver. | D38: 01 | E38: 黒のバースデイ(Ulterius Procedere ver.)
